
-- Drop tables and types if they exist (for repeatability, optional)
DROP TABLE IF EXISTS vehicle_employee CASCADE;
DROP TABLE IF EXISTS vehicles CASCADE;
DROP TABLE IF EXISTS employees CASCADE;
DROP TABLE IF EXISTS deliveries CASCADE;
DROP TYPE IF EXISTS employee_role;
DROP TYPE IF EXISTS employee_status;
DROP TYPE IF EXISTS vehicle_type;
DROP TYPE IF EXISTS vehicle_status;
DROP TYPE IF EXISTS delivery_status;

-- Create custom enum types
CREATE TYPE employee_role AS ENUM ('driver', 'dispatcher', 'manager');
CREATE TYPE employee_status AS ENUM ('active', 'on leave', 'inactive');
CREATE TYPE vehicle_type AS ENUM ('truck', 'van', 'car');
CREATE TYPE vehicle_status AS ENUM ('available', 'on delivery', 'maintenance', 'offline');
CREATE TYPE delivery_status AS ENUM ('pending', 'active', 'completed', 'cancelled');

-- Employee table (no reference to current_vehicle)
CREATE TABLE employees (
    id SERIAL PRIMARY KEY,
    name VARCHAR(100) NOT NULL,
    role employee_role NOT NULL,
    status employee_status NOT NULL,
    contact_email VARCHAR(255) UNIQUE NOT NULL,
    hire_date DATE NOT NULL
);

-- Vehicle table (no reference to current_driver)
CREATE TABLE vehicles (
    id SERIAL PRIMARY KEY,
    type vehicle_type NOT NULL,
    license_plate VARCHAR(20) UNIQUE NOT NULL,
    status vehicle_status NOT NULL,
    last_maintenance_date DATE
);

-- Vehicle-Employee association table with additional columns
CREATE TABLE vehicle_employee (
    vehicle_id INT NOT NULL REFERENCES vehicles(id) ON DELETE CASCADE,
    employee_id INT NOT NULL REFERENCES employees(id) ON DELETE CASCADE,
    since_date DATE NOT NULL,
    planned_leave_date DATE,
    usage_notes TEXT,
    is_primary BOOLEAN DEFAULT FALSE,
    last_inspection_date DATE,
    PRIMARY KEY (vehicle_id, employee_id, since_date)
);

-- Deliveries table (New table)
CREATE TABLE deliveries (
    id SERIAL PRIMARY KEY,
    vehicle_id INT REFERENCES vehicles(id) ON DELETE SET NULL,
    driver_id INT REFERENCES employees(id) ON DELETE SET NULL,
    status delivery_status NOT NULL DEFAULT 'pending',
    scheduled_delivery_time TIMESTAMPTZ,
    actual_pickup_time TIMESTAMPTZ,
    actual_delivery_time TIMESTAMPTZ,
    delivery_distance_miles NUMERIC(8, 2),
    fuel_consumed_gallons NUMERIC(6, 2),
    created_at TIMESTAMPTZ DEFAULT CURRENT_TIMESTAMP
);

INSERT INTO employees (id, name, role, status, contact_email, hire_date) VALUES
(1, 'Forrest Carter I', 'dispatcher', 'active', 'neha.friesen@yahoo.com', '2019-08-05'),
(2, 'Lowell Friesen', 'driver', 'active', 'arvel.labadie43@gmail.com', '2023-08-13'),
(3, 'Miss Darlene Murray DDS', 'manager', 'active', 'elias_collins83@yahoo.com', '2024-09-05'),
(4, 'Lamar Gibson', 'driver', 'inactive', 'miracle_nienow77@hotmail.com', '2020-07-17'),
(5, 'Lindsay Morissette-Schmeler', 'manager', 'on leave', 'katarina_kilback@hotmail.com', '2021-04-12'),
(6, 'Sally Kuvalis', 'dispatcher', 'inactive', 'kaya.mitchell@hotmail.com', '2019-01-25'),
(7, 'Harry Pfeffer', 'driver', 'on leave', 'cecile.kuvalis84@gmail.com', '2018-04-10'),
(8, 'Sara Stoltenberg', 'dispatcher', 'active', 'caleb.okuneva88@hotmail.com', '2018-10-01'),
(9, 'Miss Anne Berge', 'driver', 'inactive', 'ramon_okeefe@hotmail.com', '2021-02-24'),
(10, 'Donna Olson', 'driver', 'active', 'makenna.schuppe@gmail.com', '2022-01-04'),
(11, 'Darin Lockman', 'manager', 'on leave', 'jessy_ferry@gmail.com', '2024-02-11'),
(12, 'Charlie Sawayn', 'driver', 'active', 'cora_turcotte51@gmail.com', '2021-06-08'),
(13, 'Inez Waters Sr.', 'driver', 'inactive', 'aric.oreilly@hotmail.com', '2022-02-07'),
(14, 'Gilbert Jenkins I', 'driver', 'active', 'sabina.schaefer@gmail.com', '2016-09-18'),
(15, 'Tina Welch PhD', 'dispatcher', 'on leave', 'velma.yost@yahoo.com', '2022-01-12'),
(16, 'Mrs. Sabrina Schuster Jr.', 'manager', 'active', 'floy.conroy@hotmail.com', '2017-11-14'),
(17, 'Shawn Schroeder', 'driver', 'on leave', 'lenna_hirthe86@yahoo.com', '2023-05-18'),
(18, 'Kathy Mosciski III', 'dispatcher', 'on leave', 'cristian_kiehn@gmail.com', '2018-07-19'),
(19, 'Miss Martha Feil', 'manager', 'active', 'lukas.kulas@yahoo.com', '2022-09-14'),
(20, 'Rodney Schamberger', 'driver', 'on leave', 'jerrod.labadie61@hotmail.com', '2020-06-09'),
(21, 'Bertha Hahn', 'manager', 'on leave', 'kari_mckenzie47@gmail.com', '2024-06-20'),
(22, 'Heidi Bechtelar', 'driver', 'active', 'lilyan_dubuque@yahoo.com', '2015-05-29'),
(23, 'Dr. Grady Ritchie', 'driver', 'on leave', 'audreanne.mckenzie@yahoo.com', '2020-11-10'),
(24, 'Alonzo Kuhic', 'manager', 'inactive', 'gwen_blanda@yahoo.com', '2020-09-18'),
(25, 'Cathy Hills', 'manager', 'inactive', 'pierre.crooks98@yahoo.com', '2018-03-23'),
(26, 'Eric Kuhic', 'driver', 'active', 'kelly_lakin6@yahoo.com', '2023-07-04'),
(27, 'Mr. Anthony Sauer', 'dispatcher', 'on leave', 'clair.trantow40@yahoo.com', '2024-06-12'),
(28, 'Mr. Larry Miller', 'manager', 'active', 'hassie.glover@yahoo.com', '2024-05-27'),
(29, 'Tyrone Ebert', 'dispatcher', 'on leave', 'agnes_thompson91@yahoo.com', '2015-11-08'),
(30, 'Joan Boehm', 'dispatcher', 'inactive', 'mitchell_bayer@hotmail.com', '2020-10-07'),
(31, 'Joey Stamm', 'manager', 'active', 'roberto.ebert@yahoo.com', '2022-09-15'),
(32, 'Elias Funk', 'manager', 'active', 'derrick_lang@gmail.com', '2018-03-06'),
(33, 'Jo Cole', 'dispatcher', 'active', 'vickie.stamm61@hotmail.com', '2024-02-29'),
(34, 'Dennis Senger DDS', 'manager', 'inactive', 'porter_pouros33@yahoo.com', '2021-08-20'),
(35, 'Randall Connelly', 'manager', 'on leave', 'kaylah_vandervort46@yahoo.com', '2015-02-22'),
(36, 'Raul Ziemann II', 'dispatcher', 'inactive', 'otha_wunsch86@hotmail.com', '2023-04-29'),
(37, 'Bessie Pfannerstill', 'driver', 'inactive', 'gia_crist16@yahoo.com', '2020-09-01'),
(38, 'Mrs. Ebony Mohr', 'dispatcher', 'inactive', 'elwin.gulgowski87@yahoo.com', '2019-10-17'),
(39, 'Patti Maggio', 'dispatcher', 'inactive', 'johnathon.koss2@yahoo.com', '2021-06-09'),
(40, 'Cora Schneider', 'driver', 'on leave', 'lawrence.baumbach46@yahoo.com', '2015-07-28'),
(41, 'Percy Emmerich', 'driver', 'on leave', 'bernie_thompson83@yahoo.com', '2022-02-23'),
(42, 'Taylor Kovacek', 'dispatcher', 'on leave', 'hortense.dietrich@gmail.com', '2021-08-08'),
(43, 'Johanna Schneider', 'driver', 'on leave', 'vanessa.white@hotmail.com', '2020-01-27'),
(44, 'Constance Ondricka', 'dispatcher', 'active', 'jerome_romaguera46@hotmail.com', '2023-09-25'),
(45, 'Shannon Orn', 'dispatcher', 'inactive', 'jennifer_turcotte35@yahoo.com', '2017-12-22'),
(46, 'Shirley Weber III', 'driver', 'on leave', 'manuela_spencer41@gmail.com', '2023-08-06'),
(47, 'Mr. Ignacio Cremin', 'dispatcher', 'active', 'keira_dickinson78@gmail.com', '2015-09-30'),
(48, 'Sherry Schuster', 'driver', 'on leave', 'israel.kassulke@yahoo.com', '2021-10-29'),
(49, 'Pablo Sanford', 'dispatcher', 'on leave', 'zita_hagenes14@gmail.com', '2024-05-31'),
(50, 'Jorge Hane-Jacobson III', 'manager', 'active', 'eden_smith6@gmail.com', '2018-08-06'),
(51, 'Omar Douglas', 'manager', 'active', 'clementine_yost41@hotmail.com', '2023-06-24'),
(52, 'Kelly Schmitt', 'manager', 'on leave', 'esta.abbott46@yahoo.com', '2017-01-02'),
(53, 'Marie Wolf', 'manager', 'on leave', 'preston.rosenbaum90@hotmail.com', '2015-01-25'),
(54, 'Katrina Trantow', 'dispatcher', 'inactive', 'zetta.kilback@gmail.com', '2015-09-30'),
(55, 'Beth Weimann', 'dispatcher', 'inactive', 'rosemary_carter@yahoo.com', '2020-04-16'),
(56, 'Irma Walter', 'driver', 'inactive', 'janet_bosco@gmail.com', '2018-07-16'),
(57, 'Annette Lesch', 'driver', 'inactive', 'erling.hamill33@hotmail.com', '2015-06-12'),
(58, 'Andrew Flatley', 'dispatcher', 'inactive', 'josefa_carter@yahoo.com', '2019-12-01'),
(59, 'Ben Ankunding', 'dispatcher', 'on leave', 'cristobal.stamm67@yahoo.com', '2017-04-20'),
(60, 'Angelina Lowe', 'dispatcher', 'inactive', 'aiden.fritsch30@yahoo.com', '2024-10-16'),
(61, 'Lyle Gorczany', 'driver', 'active', 'adelle_treutel@gmail.com', '2021-06-27'),
(62, 'Esther Upton', 'driver', 'active', 'gordon_volkman@yahoo.com', '2019-10-30'),
(63, 'Dr. Barbara Abernathy', 'dispatcher', 'on leave', 'art_sanford@gmail.com', '2015-03-15'),
(64, 'Josh Kuvalis', 'driver', 'active', 'rodrick.brown@yahoo.com', '2019-03-05'),
(65, 'Bobbie Murray', 'driver', 'active', 'isabella_schultz@gmail.com', '2020-06-23'),
(66, 'Jeff Haag IV', 'manager', 'on leave', 'hardy_cummings@yahoo.com', '2019-03-12'),
(67, 'Leona Watsica', 'driver', 'inactive', 'stacey_schoen@yahoo.com', '2018-11-22'),
(68, 'Silvia Fahey MD', 'driver', 'active', 'marcellus_olson48@yahoo.com', '2022-05-19'),
(69, 'Leah Hermiston Sr.', 'dispatcher', 'active', 'jadon_halvorson@gmail.com', '2018-08-02'),
(70, 'Janet Schroeder-Nicolas', 'dispatcher', 'on leave', 'glenda_jacobi85@yahoo.com', '2024-06-14'),
(71, 'Bernice Schuppe', 'dispatcher', 'inactive', 'jamar_heller@hotmail.com', '2022-12-03'),
(72, 'Mrs. Margaret Hintz', 'dispatcher', 'inactive', 'nettie.witting@yahoo.com', '2024-12-02'),
(73, 'Diana Rodriguez', 'manager', 'active', 'zelda_lindgren48@yahoo.com', '2024-01-15'),
(74, 'Mable Fay', 'manager', 'inactive', 'danyka_lubowitz-buckridge77@gmail.com', '2015-08-23'),
(75, 'Louis Jaskolski', 'driver', 'active', 'cayla.ratke@yahoo.com', '2015-02-09'),
(76, 'Jaime Welch', 'driver', 'active', 'miracle.tromp74@hotmail.com', '2016-03-27'),
(77, 'Arthur Stracke IV', 'dispatcher', 'on leave', 'jaleel_klocko88@hotmail.com', '2024-02-28'),
(78, 'Dave Brekke', 'driver', 'inactive', 'seamus.gerhold41@gmail.com', '2024-03-17'),
(79, 'Manuel Walker', 'manager', 'on leave', 'savannah_oconnell@yahoo.com', '2018-01-21'),
(80, 'Cesar Bosco', 'dispatcher', 'active', 'tabitha_schulist@yahoo.com', '2021-04-23'),
(81, 'Terry Goyette', 'driver', 'on leave', 'andrew_marquardt@hotmail.com', '2017-12-17'),
(82, 'Leo Buckridge', 'dispatcher', 'active', 'clementina.morissette99@hotmail.com', '2021-11-09'),
(83, 'Mrs. Ella Kub', 'dispatcher', 'inactive', 'stacy.roob@gmail.com', '2020-01-31'),
(84, 'Maxine Altenwerth', 'driver', 'inactive', 'kiara_daugherty26@yahoo.com', '2021-07-28'),
(85, 'Sergio Vandervort', 'manager', 'active', 'marian_olson66@hotmail.com', '2021-04-27'),
(86, 'Ms. Esther Ernser-Bradtke', 'dispatcher', 'on leave', 'hubert_wiza38@yahoo.com', '2023-07-26'),
(87, 'Beulah Dibbert', 'dispatcher', 'active', 'claud.crist@yahoo.com', '2019-10-14'),
(88, 'Lori Ratke', 'driver', 'inactive', 'jerel.macgyver@gmail.com', '2022-07-23'),
(89, 'Alejandro Jaskolski', 'manager', 'on leave', 'cesar_daugherty@gmail.com', '2018-06-02'),
(90, 'Dr. Annette Johns', 'manager', 'active', 'sabryna.zboncak@hotmail.com', '2024-07-09'),
(91, 'Erin Weber Sr.', 'manager', 'inactive', 'jeromy.raynor93@gmail.com', '2023-08-28'),
(92, 'Leona Hagenes', 'manager', 'on leave', 'naomi_bins57@gmail.com', '2015-05-21'),
(93, 'Neal Barrows', 'manager', 'active', 'matteo_stoltenberg-bednar38@gmail.com', '2015-06-20'),
(94, 'Andres O''Connell-Douglas', 'driver', 'on leave', 'beaulah.mcclure@yahoo.com', '2015-01-05'),
(95, 'Kimberly Mertz', 'dispatcher', 'on leave', 'donato.emard@hotmail.com', '2023-11-02'),
(96, 'Gina Wilderman', 'driver', 'on leave', 'kitty.crona24@hotmail.com', '2021-03-06'),
(97, 'Carlos Fisher', 'dispatcher', 'active', 'luna_veum@gmail.com', '2020-04-25'),
(98, 'Doreen Rau', 'manager', 'inactive', 'kirk.feeney86@gmail.com', '2021-12-07'),
(99, 'Bessie Hayes', 'driver', 'inactive', 'haley.kreiger94@hotmail.com', '2022-02-27'),
(100, 'Danny Powlowski', 'manager', 'active', 'joelle_kiehn52@hotmail.com', '2020-04-17'),
(101, 'Saul Bartell', 'driver', 'active', 'april_balistreri@yahoo.com', '2020-04-02'),
(102, 'Frank Corkery', 'driver', 'active', 'marilie.witting@yahoo.com', '2022-11-19'),
(103, 'Anita Hartmann', 'driver', 'inactive', 'rosella_oconnell24@yahoo.com', '2016-06-26'),
(104, 'Alison Kassulke', 'manager', 'active', 'madie_marks33@gmail.com', '2017-12-02'),
(105, 'Harry Greenholt V', 'manager', 'inactive', 'sophia_dietrich57@yahoo.com', '2022-04-11'),
(106, 'Malcolm Schmidt Jr.', 'manager', 'inactive', 'chanelle_stiedemann32@hotmail.com', '2021-09-12'),
(107, 'Pat Hansen', 'driver', 'active', 'jaydon_sauer@hotmail.com', '2020-11-25'),
(108, 'Bruce Willms', 'manager', 'active', 'brady_baumbach@gmail.com', '2015-06-13'),
(109, 'Lynda Grimes', 'manager', 'inactive', 'kailey.cremin75@gmail.com', '2022-10-05'),
(110, 'Mr. Hugh Leffler', 'manager', 'inactive', 'margot_hettinger@gmail.com', '2024-09-09'),
(111, 'Miss Eleanor Oberbrunner', 'dispatcher', 'active', 'crystal.homenick79@yahoo.com', '2018-03-09'),
(112, 'Natasha Stamm', 'manager', 'inactive', 'itzel_gerlach76@yahoo.com', '2024-03-02'),
(113, 'Nellie McKenzie', 'manager', 'inactive', 'eugenia.dare36@hotmail.com', '2015-01-12'),
(114, 'Tiffany Ankunding', 'driver', 'inactive', 'elinore_hintz@gmail.com', '2015-07-05'),
(115, 'Guadalupe Nader', 'driver', 'active', 'marcella_hane@yahoo.com', '2024-09-08'),
(116, 'Ryan Sipes II', 'dispatcher', 'active', 'brent_harris0@yahoo.com', '2016-07-13'),
(117, 'Amber Stroman', 'manager', 'inactive', 'magali_runolfsdottir7@yahoo.com', '2016-05-16'),
(118, 'Cedric Thiel Jr.', 'manager', 'on leave', 'haven.lesch@yahoo.com', '2021-02-08'),
(119, 'Wilson Kerluke', 'manager', 'inactive', 'marian.grimes@gmail.com', '2018-01-08'),
(120, 'Jamie Sanford', 'manager', 'inactive', 'toby_schaden4@hotmail.com', '2018-10-29'),
(121, 'Annie Morissette', 'manager', 'active', 'leslie_jenkins39@yahoo.com', '2020-12-09'),
(122, 'Francis Lindgren', 'dispatcher', 'inactive', 'gage.prohaska34@hotmail.com', '2023-12-04'),
(123, 'Jan Smitham IV', 'driver', 'on leave', 'raina_schamberger61@gmail.com', '2021-12-20'),
(124, 'Mr. Dale Hauck', 'dispatcher', 'inactive', 'miles.mitchell71@gmail.com', '2023-12-01'),
(125, 'Alfred Mertz', 'dispatcher', 'on leave', 'isaiah_green93@hotmail.com', '2022-01-11'),
(126, 'Agnes Kautzer', 'dispatcher', 'inactive', 'cristopher.von@gmail.com', '2023-11-08'),
(127, 'Vivian Hudson', 'manager', 'on leave', 'timothy_towne@yahoo.com', '2020-03-09'),
(128, 'Denise Yost', 'manager', 'inactive', 'michael.becker@hotmail.com', '2024-03-28'),
(129, 'Alma Moen', 'dispatcher', 'active', 'rasheed_lynch80@yahoo.com', '2023-02-03'),
(130, 'Beth Daniel', 'manager', 'inactive', 'name_macejkovic26@yahoo.com', '2017-02-04'),
(131, 'Wendell Smith', 'driver', 'active', 'kimberly.paucek62@gmail.com', '2019-02-25'),
(132, 'Kristopher Steuber-Moen', 'driver', 'active', 'ardith_klocko@gmail.com', '2016-12-29'),
(133, 'Traci Breitenberg', 'manager', 'inactive', 'marcelino.cummings@gmail.com', '2023-06-02'),
(134, 'Sergio Legros', 'manager', 'inactive', 'claude_shields-vandervort@yahoo.com', '2019-07-08'),
(135, 'Jan Romaguera', 'dispatcher', 'active', 'deonte.goodwin73@gmail.com', '2020-09-08'),
(136, 'Geraldine Baumbach-Kihn', 'dispatcher', 'active', 'scotty.maggio@hotmail.com', '2022-03-23'),
(137, 'Megan Treutel', 'manager', 'inactive', 'roy.douglas51@gmail.com', '2018-03-07'),
(138, 'Marion Wuckert', 'manager', 'on leave', 'camryn.kutch30@hotmail.com', '2018-12-08'),
(139, 'Sylvia Wyman II', 'manager', 'inactive', 'teresa_kub@hotmail.com', '2018-12-26'),
(140, 'Hugo Blick Jr.', 'driver', 'on leave', 'raheem.harris33@gmail.com', '2021-10-24'),
(141, 'Jack Mitchell', 'driver', 'active', 'armando.wilkinson24@yahoo.com', '2024-10-25'),
(142, 'Mr. Tommie Hagenes', 'dispatcher', 'active', 'stanton_wolff18@yahoo.com', '2022-11-04'),
(143, 'Patti Bashirian', 'dispatcher', 'inactive', 'jayson.gleichner86@hotmail.com', '2020-10-28'),
(144, 'Vicky Pacocha', 'manager', 'active', 'frederick_collier55@gmail.com', '2023-08-13'),
(145, 'Devin Franey', 'driver', 'active', 'zella.grady@yahoo.com', '2020-01-28'),
(146, 'Karl Nicolas-Langworth', 'driver', 'inactive', 'karley_jast42@hotmail.com', '2024-12-26'),
(147, 'Roosevelt Cremin', 'manager', 'inactive', 'rick_collins@hotmail.com', '2024-04-11'),
(148, 'Darryl Ondricka', 'dispatcher', 'on leave', 'osborne.bauch84@gmail.com', '2021-11-07'),
(149, 'Georgia Ullrich', 'manager', 'on leave', 'nakia.vonrueden@yahoo.com', '2018-03-24'),
(150, 'Elsa Kshlerin-Walsh', 'manager', 'inactive', 'may_prohaska@hotmail.com', '2016-06-02'),
(151, 'Shirley Schmitt', 'dispatcher', 'inactive', 'kole.dooley@gmail.com', '2020-01-19'),
(152, 'Roosevelt Conroy', 'dispatcher', 'on leave', 'forrest.hilll8@yahoo.com', '2016-04-26'),
(153, 'Abel Schmidt', 'manager', 'active', 'maribel_grimes@hotmail.com', '2023-08-28'),
(154, 'Dr. Roberta Beer', 'manager', 'inactive', 'jakayla.will73@yahoo.com', '2017-05-02'),
(155, 'Miriam Kuhic', 'manager', 'active', 'kendrick.kutch@gmail.com', '2016-02-19'),
(156, 'Krista Stark', 'driver', 'active', 'columbus.dare@hotmail.com', '2020-08-07'),
(157, 'Claire Pouros', 'dispatcher', 'inactive', 'cooper_carroll50@yahoo.com', '2021-05-11'),
(158, 'Adrian Willms', 'manager', 'active', 'jay_kub@yahoo.com', '2017-05-26'),
(159, 'Grady Weber', 'manager', 'active', 'delbert_kunze84@gmail.com', '2020-01-11'),
(160, 'Manuel Ratke-Schiller MD', 'manager', 'on leave', 'laurianne.friesen@gmail.com', '2021-03-25'),
(161, 'Mrs. Sonya Effertz', 'driver', 'active', 'donald_west26@yahoo.com', '2018-12-09'),
(162, 'Wilma Howe', 'manager', 'active', 'kaitlyn_armstrong34@yahoo.com', '2022-07-23'),
(163, 'Tyler Ryan', 'dispatcher', 'active', 'filiberto_emard@hotmail.com', '2015-12-24'),
(164, 'Candice Parker', 'dispatcher', 'active', 'ottilie_swaniawski@hotmail.com', '2019-11-14'),
(165, 'Alejandro Hodkiewicz', 'manager', 'active', 'arne_ward-armstrong80@hotmail.com', '2020-06-20'),
(166, 'Carl Bernhard', 'manager', 'inactive', 'aidan_mosciski@hotmail.com', '2023-10-27'),
(167, 'Nicole Pagac', 'dispatcher', 'active', 'malcolm_kautzer@gmail.com', '2018-12-23'),
(168, 'Brandi Brown', 'driver', 'active', 'maximo_bode@yahoo.com', '2017-05-25'),
(169, 'Phillip Kertzmann', 'dispatcher', 'inactive', 'elbert_cremin@gmail.com', '2024-06-25'),
(170, 'Opal McClure IV', 'dispatcher', 'inactive', 'genoveva.gorczany@yahoo.com', '2015-02-19'),
(171, 'Olivia White', 'dispatcher', 'inactive', 'elroy.hirthe@gmail.com', '2015-07-18'),
(172, 'Bobbie Graham', 'driver', 'inactive', 'brooke_hoeger@yahoo.com', '2022-09-27'),
(173, 'Benjamin Treutel', 'manager', 'active', 'hiram_block39@gmail.com', '2021-12-21'),
(174, 'Russell Gerhold', 'dispatcher', 'on leave', 'dudley_bartoletti93@hotmail.com', '2024-12-02'),
(175, 'Adrian Mayert', 'manager', 'inactive', 'destinee.mante83@gmail.com', '2022-12-03'),
(176, 'Josefina Herman', 'driver', 'on leave', 'claudie.frami4@yahoo.com', '2020-10-27'),
(177, 'Clinton Tromp', 'driver', 'active', 'leann_windler@yahoo.com', '2016-11-21'),
(178, 'Fernando Schroeder', 'manager', 'inactive', 'garnett_howell59@hotmail.com', '2016-05-14'),
(179, 'Victor Padberg', 'driver', 'on leave', 'chance_kihn19@hotmail.com', '2023-09-14'),
(180, 'Pedro Murphy IV', 'driver', 'on leave', 'sabrina_ernser@yahoo.com', '2020-07-01'),
(181, 'Veronica McDermott', 'manager', 'active', 'prudence_feeney@gmail.com', '2020-07-25'),
(182, 'Lorraine Kilback', 'dispatcher', 'on leave', 'corene_hilpert@yahoo.com', '2022-06-28'),
(183, 'Larry Schaden-Kerluke', 'driver', 'active', 'tianna.batz49@yahoo.com', '2017-05-31'),
(184, 'Jerald Wiegand-Lynch V', 'driver', 'inactive', 'zane_kautzer95@yahoo.com', '2017-07-14'),
(185, 'Abraham Lehner', 'manager', 'on leave', 'garnett_turner2@gmail.com', '2022-06-06'),
(186, 'Ms. Susan Bode', 'dispatcher', 'active', 'velda_schamberger@hotmail.com', '2021-11-14'),
(187, 'Robin Murray DDS', 'driver', 'inactive', 'rachael_bernhard36@yahoo.com', '2022-12-26'),
(188, 'Eunice Renner', 'dispatcher', 'active', 'palma.collier66@hotmail.com', '2016-08-18'),
(189, 'Lester Hansen', 'driver', 'inactive', 'lisette.jenkins98@gmail.com', '2023-03-16'),
(190, 'Dr. Darrell Funk', 'manager', 'inactive', 'judah.nader@gmail.com', '2024-01-21'),
(191, 'Ms. Kathy Kohler', 'driver', 'active', 'aiyana.rice11@hotmail.com', '2023-02-10'),
(192, 'Alberta Gutmann MD', 'manager', 'on leave', 'karlie_powlowski@gmail.com', '2020-07-07'),
(193, 'Delia Kessler', 'driver', 'on leave', 'celine.douglas-heidenreich53@yahoo.com', '2021-11-16'),
(194, 'Meredith Bashirian', 'driver', 'inactive', 'lily_erdman@yahoo.com', '2024-04-08'),
(195, 'Ken Gerhold', 'driver', 'active', 'desiree.herman68@yahoo.com', '2023-06-02'),
(196, 'Naomi Turner', 'driver', 'on leave', 'rosemary_jast@gmail.com', '2018-01-08'),
(197, 'Hazel Stracke-McClure', 'manager', 'active', 'crystal.donnelly65@hotmail.com', '2018-10-16'),
(198, 'Ronnie Nicolas', 'driver', 'inactive', 'darrel_bartell43@yahoo.com', '2017-10-26'),
(199, 'Vincent Streich', 'dispatcher', 'on leave', 'davonte.altenwerth21@hotmail.com', '2023-11-27'),
(200, 'Denise Johnston', 'driver', 'inactive', 'arnoldo.schuppe@yahoo.com', '2019-11-03');

INSERT INTO vehicles (id, type, license_plate, status, last_maintenance_date) VALUES
(1, 'car', '79K-240', 'on delivery', '2025-03-29'),
(2, 'car', 'V59-691', 'available', '2024-05-22'),
(3, 'car', '2P7-394', 'on delivery', '2024-06-14'),
(4, 'truck', 'GL5-343', 'offline', '2024-04-18'),
(5, 'car', '0W1-747', 'available', '2024-07-24'),
(6, 'truck', '3R8-966', 'maintenance', '2023-07-13'),
(7, 'truck', '7FK-488', 'maintenance', '2023-07-27'),
(8, 'car', 'XD1-668', 'available', '2024-03-07'),
(9, 'truck', 'EYZ-384', 'on delivery', '2025-04-23'),
(10, 'van', 'FRR-590', 'maintenance', '2023-06-01'),
(11, 'car', '718-793', 'on delivery', '2023-10-09'),
(12, 'truck', 'AXL-440', 'on delivery', '2023-08-22'),
(13, 'truck', 'GE2-738', 'on delivery', '2024-03-20'),
(14, 'truck', '98K-362', 'maintenance', '2024-05-15'),
(15, 'van', '9H0-634', 'maintenance', '2023-06-11'),
(16, 'car', 'M22-601', 'offline', '2024-01-17'),
(17, 'car', '4AP-746', 'offline', '2023-10-21'),
(18, 'car', 'U2K-699', 'maintenance', '2024-05-31'),
(19, 'truck', 'O8C-067', 'maintenance', '2024-04-09'),
(20, 'van', 'VI6-478', 'maintenance', '2024-01-20'),
(21, 'truck', 'Y81-786', 'maintenance', '2023-05-17'),
(22, 'van', 'ROQ-286', 'available', '2024-08-20'),
(23, 'truck', 'DD4-103', 'on delivery', '2024-08-18'),
(24, 'truck', 'RSH-208', 'maintenance', '2025-01-15'),
(25, 'van', 'ZFZ-585', 'on delivery', '2024-05-09'),
(26, 'van', 'ZJQ-335', 'on delivery', '2023-09-24'),
(27, 'truck', '7T4-415', 'on delivery', '2023-09-08'),
(28, 'truck', 'RM9-592', 'on delivery', '2023-10-04'),
(29, 'truck', 'PVU-722', 'offline', '2024-08-02'),
(30, 'car', '4IO-923', 'available', '2023-10-06'),
(31, 'truck', 'AUY-816', 'on delivery', '2024-10-04'),
(32, 'truck', '8ZT-818', 'offline', '2025-04-13'),
(33, 'truck', 'X7K-714', 'offline', '2024-06-27'),
(34, 'van', 'AW1-152', 'offline', '2025-03-29'),
(35, 'truck', 'D8J-160', 'maintenance', '2023-05-19'),
(36, 'truck', 'OI9-361', 'offline', '2024-07-13'),
(37, 'car', '39N-833', 'offline', '2024-03-28'),
(38, 'truck', '2BJ-129', 'on delivery', '2024-12-24'),
(39, 'truck', '91U-417', 'offline', '2024-07-31'),
(40, 'car', 'CF2-242', 'available', '2025-04-21'),
(41, 'truck', 'WCB-519', 'on delivery', '2023-07-07'),
(42, 'car', 'IF3-370', 'offline', '2024-08-30'),
(43, 'van', 'IHJ-430', 'available', '2023-12-14'),
(44, 'van', '23B-265', 'available', '2024-01-30'),
(45, 'van', '3G6-927', 'available', '2025-01-20'),
(46, 'van', 'Z4X-775', 'on delivery', '2024-02-09'),
(47, 'van', 'LJK-296', 'maintenance', '2023-12-22'),
(48, 'car', 'YUI-964', 'on delivery', '2024-07-10'),
(49, 'van', 'IQV-466', 'available', '2023-07-24'),
(50, 'truck', '0R5-042', 'offline', '2024-12-01'),
(51, 'van', 'BPE-430', 'available', '2025-04-12'),
(52, 'truck', 'LJ6-790', 'maintenance', '2024-03-23'),
(53, 'car', '2LW-839', 'on delivery', '2023-08-10'),
(54, 'car', 'HVH-481', 'offline', '2024-02-02'),
(55, 'car', 'Y00-946', 'on delivery', '2023-07-20'),
(56, 'car', 'FIT-330', 'on delivery', '2023-06-28'),
(57, 'van', 'K0T-866', 'maintenance', '2025-04-17'),
(58, 'van', 'RN3-439', 'on delivery', '2023-08-14'),
(59, 'van', '9S3-176', 'available', '2024-03-15'),
(60, 'van', 'IN3-707', 'offline', '2023-05-28'),
(61, 'truck', 'F4H-543', 'on delivery', '2024-08-15'),
(62, 'car', '3UL-928', 'maintenance', '2023-10-31'),
(63, 'truck', 'CZS-203', 'maintenance', '2024-07-21'),
(64, 'car', 'BMB-702', 'on delivery', '2024-08-26'),
(65, 'van', 'DUS-103', 'on delivery', '2024-12-04'),
(66, 'van', '0TB-526', 'maintenance', '2023-05-07'),
(67, 'van', 'QN4-122', 'available', '2023-06-02'),
(68, 'van', '15Z-821', 'available', '2024-02-09'),
(69, 'truck', '1VS-750', 'offline', '2023-08-27'),
(70, 'car', '92O-831', 'offline', '2024-09-16'),
(71, 'truck', 'T46-072', 'maintenance', '2023-12-11'),
(72, 'truck', 'CAK-936', 'maintenance', '2024-06-11'),
(73, 'truck', 'N3I-885', 'offline', '2024-04-22'),
(74, 'truck', 'W8N-015', 'available', '2025-02-05'),
(75, 'van', 'F6C-739', 'maintenance', '2024-05-18'),
(76, 'truck', 'ZWM-506', 'on delivery', '2025-02-19'),
(77, 'van', 'ERF-810', 'offline', '2025-04-10'),
(78, 'truck', 'USY-966', 'available', '2024-11-01'),
(79, 'truck', 'NTB-981', 'on delivery', '2023-11-26'),
(80, 'van', 'R5Q-175', 'on delivery', '2024-12-12'),
(81, 'truck', 'D67-707', 'on delivery', '2023-10-27'),
(82, 'car', 'KVQ-295', 'maintenance', '2024-05-06'),
(83, 'car', '7EF-315', 'on delivery', '2023-07-16'),
(84, 'van', 'LO0-183', 'available', '2024-04-23'),
(85, 'car', 'O2F-924', 'on delivery', '2023-08-07'),
(86, 'van', 'M16-134', 'offline', '2024-08-29'),
(87, 'truck', 'A43-128', 'on delivery', '2023-06-08'),
(88, 'truck', 'ZZT-533', 'on delivery', '2024-03-13'),
(89, 'car', 'E14-547', 'available', '2024-01-02'),
(90, 'van', 'EBL-963', 'offline', '2024-12-02'),
(91, 'van', '5ND-965', 'available', '2024-03-28'),
(92, 'van', 'EW9-719', 'available', '2023-10-25'),
(93, 'van', 'NJV-753', 'offline', '2024-10-03'),
(94, 'truck', 'Z53-623', 'maintenance', '2025-03-05'),
(95, 'truck', 'GD1-013', 'offline', '2024-09-15'),
(96, 'car', '9SC-804', 'available', '2023-08-14'),
(97, 'car', 'GK6-906', 'on delivery', '2024-12-23'),
(98, 'van', '0XE-711', 'on delivery', '2024-09-25'),
(99, 'truck', '2PV-978', 'maintenance', '2024-04-04'),
(100, 'van', '20A-835', 'offline', '2023-12-07');

INSERT INTO vehicle_employee (vehicle_id, employee_id, since_date, planned_leave_date, usage_notes, is_primary, last_inspection_date) VALUES
(72, 6, '2024-06-12', NULL, 'Vigilo ultra spargo cubo conitor virgo calcar curtus subito.', FALSE, '2025-03-16'),
(14, 6, '2022-08-28', NULL, 'Tendo tutis creator theologus agnosco ocer accusamus molestiae suppono.', FALSE, '2023-05-23'),
(87, 6, '2020-11-28', NULL, 'Claro callide assentator omnis arbor tredecim.', FALSE, '2021-02-13'),
(50, 7, '2022-01-08', NULL, 'Deludo ullus creator audacia vulpes harum suscipio aequitas.', FALSE, '2023-01-24'),
(51, 7, '2020-12-05', NULL, 'Aurum calco sopor deinde stella voluntarius aperiam.', TRUE, '2024-12-02'),
(97, 8, '2020-04-27', '2020-12-27', 'Truculenter defendo degusto ago accendo timor currus ars magnam.', FALSE, '2023-08-16'),
(33, 8, '2019-01-29', NULL, 'Sortitus vorax a sed coerceo.', TRUE, '2022-07-13'),
(55, 8, '2020-10-22', NULL, 'Repellat sustineo caste tabula adhaero stultus aspernatur.', TRUE, '2024-07-05'),
(2, 9, '2023-05-18', NULL, 'Non vestrum dolores coruscus.', TRUE, '2025-02-12'),
(54, 9, '2021-02-24', NULL, 'Cursim quidem ipsam aperiam.', TRUE, '2024-04-19'),
(27, 10, '2024-12-11', NULL, 'Thesaurus vicissitudo velut dolorum aggredior angulus capto cenaculum sequi.', FALSE, '2025-02-27'),
(20, 11, '2024-08-07', NULL, 'Adduco sol pectus solutio saepe vivo.', FALSE, '2025-01-07'),
(94, 11, '2024-06-30', NULL, 'Tenax laudantium vallum vergo tubineus arceo confido possimus.', TRUE, '2025-01-09'),
(62, 11, '2024-05-04', NULL, 'Viridis cado ab appello error totam.', TRUE, '2024-11-07'),
(48, 12, '2021-07-21', NULL, 'Abutor credo admitto clarus dolorem animi.', TRUE, '2023-07-05'),
(2, 12, '2021-12-02', NULL, 'Tricesimus demitto crux virgo crapula vulgaris aureus deripio.', TRUE, '2023-09-02'),
(95, 16, '2018-06-05', NULL, 'Urbanus dens conventus.', TRUE, '2024-04-02'),
(97, 16, '2018-01-15', '2018-09-30', 'Caritas summopere addo textilis angulus asporto officia defaeco.', FALSE, '2018-10-27'),
(64, 17, '2023-06-18', NULL, 'Asperiores derideo id sonitus doloribus aliquam debilito theologus.', TRUE, '2023-08-15'),
(92, 17, '2024-08-29', NULL, 'Colligo quas solvo comitatus temporibus thorax voveo temptatio vilis quaerat.', TRUE, '2024-09-05'),
(20, 18, '2025-03-28', NULL, 'Deleo vorago arceo capto conventus solium sto.', FALSE, '2025-05-09'),
(48, 18, '2019-12-30', NULL, 'Cornu suscipit arbitro.', TRUE, '2020-12-25'),
(34, 21, '2025-02-21', NULL, 'Quae spes temperantia circumvenio exercitationem cattus suffragium maiores.', FALSE, '2025-04-29'),
(95, 21, '2025-04-17', NULL, 'Tergo crinis aegrotatio arma angustus collum ventito creator degero.', FALSE, '2025-04-24'),
(97, 22, '2019-03-17', NULL, 'Virgo molestiae adamo commodi.', TRUE, '2020-04-10'),
(90, 22, '2017-06-30', '2017-08-16', 'Valde deleo callide causa coaegresco abstergo.', FALSE, '2021-03-09'),
(73, 25, '2021-08-17', NULL, 'Curiositas spiritus tamquam attollo corona.', FALSE, '2024-01-18'),
(98, 26, '2024-02-14', NULL, 'Vulpes usus atqui reiciendis deprecator thorax laboriosam appositus at vallum.', TRUE, '2025-01-05'),
(43, 31, '2023-11-06', NULL, 'Stips tempus incidunt contra corpus venio.', FALSE, '2024-10-12'),
(76, 31, '2024-03-25', NULL, 'Vado toties virgo corrigo absorbeo.', TRUE, '2024-12-01'),
(75, 32, '2024-01-06', '2024-03-24', 'Capio comedo altus tamisium tristis inventore.', FALSE, '2024-01-10'),
(57, 32, '2022-07-18', NULL, 'Magni canto curto depulso corrumpo.', FALSE, '2022-08-04'),
(5, 33, '2024-12-16', NULL, 'Tot cursim acsi vester adficio denuncio demum infit absorbeo creta.', FALSE, '2025-01-04'),
(100, 33, '2024-09-12', '2025-01-29', 'Beatae laudantium desolo cubicularis suffoco attero tardus caecus cur.', FALSE, '2025-03-05'),
(97, 33, '2024-09-01', NULL, 'Demens doloribus cura deserunt caelum arcus eveniet rem demulceo quod.', FALSE, '2024-10-15'),
(82, 34, '2022-08-28', NULL, 'Expedita accusamus crebro comburo agnosco tabella verumtamen neque.', TRUE, '2023-03-23'),
(28, 34, '2024-11-20', NULL, 'Absconditus artificiose conservo denique defero iste id depulso.', TRUE, '2025-02-27'),
(59, 34, '2023-09-16', NULL, 'Argumentum veniam damnatio nisi reprehenderit suscipit vehemens.', TRUE, '2025-01-03'),
(81, 35, '2016-10-15', NULL, 'Degero ascisco arbustum vociferor.', TRUE, '2022-06-08'),
(9, 36, '2024-08-05', NULL, 'Venia validus absum supra aggredior facilis cultellus aestivus.', TRUE, '2025-02-24'),
(46, 37, '2021-12-15', NULL, 'Vapulus torqueo cultellus placeat abutor denuncio.', TRUE, '2025-03-09'),
(74, 37, '2020-12-27', '2021-11-10', 'Saepe collum termes demergo undique defendo clarus thorax.', FALSE, '2021-03-30'),
(12, 37, '2021-12-06', NULL, 'A ars cinis agnosco necessitatibus trans tamisium fuga.', TRUE, '2022-11-12'),
(30, 38, '2023-07-08', NULL, 'Dedico comedo verto celer advoco.', TRUE, '2025-02-22'),
(94, 38, '2024-11-27', NULL, 'Pariatur vacuus accusantium validus color terebro subiungo.', TRUE, '2025-03-12'),
(82, 38, '2023-12-14', '2023-12-26', 'Alo adhaero porro arcesso cubicularis.', FALSE, '2024-09-13'),
(96, 39, '2024-07-25', NULL, 'Damno curtus conitor rerum.', TRUE, '2025-02-09'),
(18, 39, '2024-02-13', '2024-03-28', 'Congregatio vinum auxilium.', TRUE, '2024-04-02'),
(39, 39, '2024-10-15', NULL, 'Delego traho tempus culpa amplexus.', TRUE, '2025-05-09'),
(46, 40, '2020-01-14', NULL, 'Vestrum tabesco copiose cerno.', TRUE, '2020-07-13'),
(80, 41, '2025-02-05', NULL, 'Ter collum viscus facilis expedita peior considero desidero careo curto.', TRUE, '2025-05-05'),
(91, 41, '2023-11-11', '2024-05-14', 'Subseco tondeo ocer clamo desipio.', FALSE, '2025-01-02'),
(9, 42, '2024-08-21', NULL, 'Amicitia conor adfero valetudo statua.', FALSE, '2024-10-03'),
(50, 42, '2024-01-22', NULL, 'Timidus ater voco pauci.', FALSE, '2025-02-04'),
(77, 42, '2022-11-25', NULL, 'Bis tunc ars veritas arceo aequus quod pax.', TRUE, '2023-04-17'),
(7, 43, '2022-10-21', NULL, 'Vulgivagus adsuesco solum ara videlicet vulticulus tempus terga creptio vulariter.', FALSE, '2023-07-04'),
(5, 43, '2023-03-06', NULL, 'Toties beatus alioqui abbas.', TRUE, '2025-01-02'),
(41, 44, '2024-06-30', '2025-04-22', 'Abduco tactus cunabula utor volaticus ducimus ullam.', TRUE, '2024-08-19'),
(47, 44, '2024-08-11', '2024-11-01', 'Distinctio suggero conservo coepi caterva.', TRUE, '2024-12-14'),
(31, 44, '2024-10-03', NULL, 'Amplexus demum vere adeo adficio.', TRUE, '2024-12-21'),
(16, 45, '2023-08-14', NULL, 'Versus laboriosam vallum officiis vel argentum capitulus sapiente theatrum.', TRUE, '2025-04-19'),
(30, 45, '2019-09-19', '2019-09-26', 'Pectus conturbo suffragium volutabrum carpo comis.', TRUE, '2021-05-13'),
(39, 45, '2024-06-08', '2024-09-20', 'Thymbra spargo culpa.', TRUE, '2025-01-03'),
(90, 46, '2024-07-11', '2025-04-18', 'Vigor solium succedo credo custodia voluptate tempus stella demonstro cupio.', FALSE, '2025-02-07'),
(37, 48, '2023-02-03', NULL, 'Nam theologus vox celer quo.', TRUE, '2024-08-02'),
(89, 48, '2021-11-08', NULL, 'Tempore sortitus verumtamen animus tergum deficio voco.', TRUE, '2023-05-16'),
(13, 50, '2019-02-16', NULL, 'Cura mollitia vulgaris verbum incidunt vulgivagus comburo.', TRUE, '2022-09-15'),
(21, 50, '2024-06-12', '2024-10-21', 'Agnitio spero natus ratione laborum trepide dens.', FALSE, '2025-01-25'),
(42, 51, '2024-08-17', NULL, 'Capillus desino acquiro creo armarium.', FALSE, '2025-03-25'),
(62, 52, '2023-04-08', '2023-07-26', 'Utique defetiscor verus magnam.', TRUE, '2024-09-11'),
(99, 52, '2025-04-05', NULL, 'Cilicium verbera enim summa.', TRUE, '2025-05-08'),
(84, 55, '2023-06-17', '2023-11-21', 'Tego denuncio coruscus velum attollo ullam.', FALSE, '2024-12-26'),
(47, 55, '2021-08-25', NULL, 'Tamdiu depraedor pauci.', TRUE, '2022-08-30'),
(48, 56, '2022-08-27', NULL, 'Cursus volaticus architecto calamitas apparatus laboriosam synagoga tempore.', FALSE, '2022-10-28'),
(97, 56, '2022-05-19', NULL, 'Comparo suppellex demens sonitus amiculum quam.', TRUE, '2023-11-16'),
(89, 57, '2019-08-26', '2020-05-02', 'Expedita alienus suppellex aetas.', FALSE, '2020-04-04'),
(94, 57, '2017-09-04', NULL, 'Caute termes hic nobis cubo quasi fugit desipio substantia.', TRUE, '2022-01-06'),
(45, 58, '2023-04-29', NULL, 'Architecto curtus usque admoneo coruscus.', FALSE, '2023-05-20'),
(71, 59, '2021-03-23', NULL, 'Demo basium cado tabgo iste beatus cornu praesentium.', FALSE, '2021-12-11'),
(80, 59, '2025-03-11', '2025-06-01', 'Ocer aurum suadeo temporibus amplus varius verumtamen arcesso bene.', TRUE, '2025-03-28'),
(95, 60, '2025-02-11', NULL, 'Amiculum cornu impedit cervus calco valens atque conor voluptatum.', TRUE, '2025-05-07'),
(70, 60, '2025-01-31', NULL, 'Caelestis vitae caput sapiente viridis utilis.', TRUE, '2025-04-02'),
(35, 60, '2024-12-14', '2025-11-17', 'Ver atqui ventus adsum.', FALSE, '2025-02-22'),
(39, 62, '2022-05-30', '2022-11-13', 'Autem comptus contra tabernus cultura angelus repellat depono adnuo.', FALSE, '2023-01-29'),
(48, 62, '2021-05-14', '2021-10-15', 'Condico considero talus temptatio bis ad.', FALSE, '2023-05-13'),
(19, 64, '2023-09-17', NULL, 'Cado coerceo itaque ut.', FALSE, '2024-12-02'),
(42, 64, '2023-06-23', NULL, 'Damnatio necessitatibus cubitum curiositas suffoco complectus sulum.', FALSE, '2023-10-08'),
(83, 66, '2023-12-29', NULL, 'Curatio venustas corroboro vulariter colo.', TRUE, '2025-02-16'),
(56, 66, '2021-08-27', '2021-10-23', 'Absconditus tollo adulescens acies.', TRUE, '2022-01-29'),
(31, 67, '2022-06-18', '2022-10-14', 'Amplexus volo temptatio aestivus allatus solio.', FALSE, '2022-11-08'),
(72, 67, '2020-05-18', NULL, 'Thorax creo sordeo arcus vilitas comptus virgo desino.', FALSE, '2021-10-05'),
(69, 69, '2023-09-26', NULL, 'Utique valde tolero canonicus cognatus utor tamdiu creator totus.', TRUE, '2025-01-09'),
(27, 69, '2023-10-29', '2023-11-30', 'Urbs fugiat tener trucido auxilium cinis tibi.', TRUE, '2024-01-08'),
(98, 69, '2020-04-02', NULL, 'Quidem adimpleo turbo adnuo occaecati annus cunae strues ex comptus.', FALSE, '2022-07-28'),
(65, 70, '2024-12-16', '2025-01-12', 'Delinquo earum statim cruentus ambitus deleniti vito soleo.', TRUE, '2024-12-28'),
(3, 71, '2023-04-17', NULL, 'Crapula spiculum artificiose condico urbs.', TRUE, '2023-12-07'),
(17, 71, '2024-09-21', '2025-06-25', 'Ceno teres trans tres numquam valeo solutio contigo torrens vilis.', FALSE, '2025-02-23'),
(38, 73, '2024-06-02', NULL, 'Earum aro admiratio vomito autus.', TRUE, '2025-02-02'),
(17, 74, '2022-08-24', NULL, 'At sperno adulatio desino veritatis.', FALSE, '2024-09-07'),
(30, 74, '2021-04-09', NULL, 'Nesciunt depulso victoria substantia placeat volva conduco.', TRUE, '2021-05-13'),
(84, 74, '2015-10-10', '2016-02-19', 'Delibero acervus quas sulum carcer decipio excepturi denuncio.', TRUE, '2021-01-04'),
(74, 75, '2021-04-08', NULL, 'Statim tubineus animi.', FALSE, '2022-07-08'),
(64, 75, '2021-10-04', '2022-01-24', 'Laudantium advenio aequitas vespillo carus sponte utor.', FALSE, '2022-07-19'),
(38, 75, '2020-02-10', NULL, 'Sustineo audio astrum varius appono centum tredecim.', TRUE, '2022-07-31'),
(88, 76, '2016-09-10', NULL, 'Velit nam eos.', TRUE, '2022-11-29'),
(71, 76, '2023-03-27', NULL, 'Dolores tamquam deinde sperno.', TRUE, '2024-04-04'),
(28, 77, '2024-03-09', NULL, 'Deduco confero cohors.', TRUE, '2024-08-05'),
(28, 78, '2024-08-28', NULL, 'Cubo earum cupio amor velit cupressus umquam aro argumentum apparatus.', TRUE, '2024-09-08'),
(38, 78, '2024-11-07', '2025-10-23', 'Decor cupiditate deporto.', TRUE, '2025-04-15'),
(74, 79, '2020-07-03', NULL, 'Asporto vigilo collum virga solvo.', TRUE, '2024-02-11'),
(56, 79, '2019-05-05', NULL, 'Coniuratio arcus copia cariosus non provident.', TRUE, '2020-09-24'),
(41, 79, '2022-05-18', '2022-09-13', 'Aureus denuo angelus vorago cribro aranea calco adhaero usitas.', FALSE, '2025-01-18'),
(86, 80, '2023-11-08', NULL, 'Damnatio audax verumtamen.', TRUE, '2024-12-26'),
(78, 81, '2023-11-23', NULL, 'Optio blandior quaerat ustulo.', FALSE, '2024-10-14'),
(16, 81, '2020-05-02', NULL, 'Nostrum decipio cresco usitas delectatio adeptio cogito autem non.', TRUE, '2023-04-11'),
(77, 82, '2022-12-11', '2023-07-24', 'Tabesco cogo claustrum termes tamdiu.', TRUE, '2024-11-25'),
(20, 82, '2023-06-24', NULL, 'Blandior dolores demulceo recusandae calculus cupio adstringo verto depono.', FALSE, '2024-12-25'),
(99, 83, '2020-05-10', NULL, 'Congregatio viriliter assumenda aegre maxime dolor.', TRUE, '2023-03-20'),
(98, 84, '2022-09-12', NULL, 'Vilitas cursus arma tergum vulgivagus audentia.', FALSE, '2022-12-12'),
(31, 85, '2022-09-13', NULL, 'Vito adulescens verecundia adsidue curis solitudo civis maxime taceo communis.', TRUE, '2024-10-01'),
(90, 87, '2021-12-27', NULL, 'Spiculum comparo amoveo cimentarius solutio victoria.', TRUE, '2025-04-24'),
(64, 87, '2020-06-17', NULL, 'Aiunt ulciscor ambulo validus statim conitor vulariter nisi.', FALSE, '2020-07-31'),
(64, 89, '2019-10-24', NULL, 'Copiose adulescens culpa adnuo asporto.', FALSE, '2020-09-27'),
(44, 89, '2024-05-28', NULL, 'Denuo sollicito tracto audax adaugeo repudiandae vicinus una tabgo.', FALSE, '2025-01-02'),
(41, 89, '2020-12-25', NULL, 'Quaerat compono abundans.', TRUE, '2021-01-28'),
(52, 90, '2025-04-04', NULL, 'Comes arto vomer ustulo.', TRUE, '2025-04-25'),
(73, 90, '2024-09-30', NULL, 'Curis vicinus umbra celo accommodo abbas apparatus currus cibus alii.', TRUE, '2025-04-08'),
(16, 90, '2025-01-22', NULL, 'Temperantia collum creta et aro colo venustas tamisium depereo aeternus.', FALSE, '2025-03-07'),
(77, 91, '2024-03-15', NULL, 'Nobis verus supplanto maxime.', FALSE, '2025-02-17'),
(6, 92, '2024-06-01', '2024-10-31', 'Urbanus angulus ut patria.', TRUE, '2024-11-17'),
(66, 93, '2022-05-06', '2022-12-01', 'Annus deorsum crur adduco.', TRUE, '2024-12-26'),
(15, 95, '2025-01-02', '2025-07-14', 'Tersus congregatio capio solus conspergo.', FALSE, '2025-05-14'),
(26, 95, '2024-01-10', NULL, 'Sordeo ustulo veniam decens.', TRUE, '2024-05-31'),
(7, 95, '2024-12-07', NULL, 'Alius admiratio dolorum pax debilito acer appono charisma aurum cicuta.', FALSE, '2025-04-06'),
(59, 96, '2024-01-31', NULL, 'Cohors minima recusandae vado aspicio amplitudo talio conscendo culpa crepusculum.', TRUE, '2024-09-08'),
(79, 96, '2024-11-14', NULL, 'Usque casus cur curo cohaero cetera.', TRUE, '2024-11-28'),
(85, 97, '2025-01-06', '2025-11-28', 'Compello aggredior caterva cursim volutabrum.', FALSE, '2025-02-09'),
(43, 97, '2021-04-06', '2021-06-05', 'Tantillus somnus versus thesaurus subnecto conduco sopor.', TRUE, '2024-11-18'),
(58, 98, '2024-12-17', NULL, 'Necessitatibus capio crudelis ambulo templum defero aureus optio cunctatio atrocitas.', TRUE, '2025-04-13'),
(85, 99, '2024-12-04', NULL, 'Sophismata tondeo utilis bestia vulgus necessitatibus advoco iusto arca.', FALSE, '2025-03-06'),
(91, 100, '2024-07-14', NULL, 'Spoliatio apparatus explicabo tantillus.', FALSE, '2024-12-30'),
(28, 100, '2022-06-05', NULL, 'Confido caterva vulnero rem.', TRUE, '2024-12-08'),
(13, 101, '2024-12-14', NULL, 'Patruus calcar canto auditor.', TRUE, '2025-05-14'),
(80, 101, '2020-05-22', NULL, 'Adfero facere demonstro concido tempore.', FALSE, '2022-01-25'),
(97, 103, '2024-12-22', NULL, 'Amiculum demergo demoror video.', TRUE, '2025-02-28'),
(94, 103, '2018-11-30', NULL, 'Abeo umerus sublime.', TRUE, '2025-04-07'),
(79, 103, '2019-07-08', '2019-07-21', 'Vos bibo ultio tyrannus tribuo careo succedo concedo voveo.', TRUE, '2021-02-12'),
(37, 104, '2024-09-22', NULL, 'Verbera repudiandae sto abeo armarium.', FALSE, '2025-01-08'),
(61, 104, '2024-11-02', NULL, 'Rerum explicabo vindico sed abduco caries tepidus vallum valens.', FALSE, '2025-05-07'),
(27, 105, '2025-02-20', NULL, 'Ulciscor at conitor officia tribuo degero vilis.', FALSE, '2025-03-19'),
(65, 105, '2022-11-17', '2023-09-14', 'Damno consectetur traho fugit clibanus debitis cedo.', TRUE, '2024-07-17'),
(80, 105, '2022-05-30', NULL, 'Vito soluta stella depono crepusculum dedico spargo vomica explicabo.', TRUE, '2023-03-16'),
(26, 106, '2024-03-27', NULL, 'Voluptatibus collum adduco tertius vomito.', FALSE, '2025-03-01'),
(48, 107, '2022-05-23', NULL, 'Molestias mollitia aegre.', FALSE, '2024-07-17'),
(18, 107, '2021-01-04', NULL, 'Velum tutamen vulgivagus.', TRUE, '2024-09-05'),
(62, 108, '2025-01-23', NULL, 'Distinctio supplanto caritas.', FALSE, '2025-02-27'),
(15, 108, '2022-05-22', '2023-01-05', 'Dicta deleo excepturi.', FALSE, '2023-04-18'),
(97, 109, '2025-02-02', NULL, 'Sollicito tendo cicuta claro coerceo somnus molestiae.', TRUE, '2025-04-26'),
(55, 109, '2023-09-23', '2024-05-25', 'Voco aptus strenuus colligo summisse vesica canis aestivus desipio.', TRUE, '2024-05-02'),
(45, 110, '2025-04-07', NULL, 'Sollers cognomen clamo caterva termes peccatus cibo angustus.', TRUE, '2025-04-13'),
(100, 113, '2024-02-01', NULL, 'Sto circumvenio totam cena.', FALSE, '2024-02-11'),
(56, 115, '2024-12-02', '2025-06-26', 'Summa deporto curto carmen speciosus angulus cunctatio tergum.', TRUE, '2025-05-12'),
(78, 115, '2024-10-30', NULL, 'Viridis carbo spoliatio dedico capto appono.', FALSE, '2025-02-04'),
(54, 116, '2017-05-22', NULL, 'Cura arcesso tollo neque admoveo.', TRUE, '2021-02-14'),
(37, 117, '2022-10-15', NULL, 'Eum viduo abstergo.', FALSE, '2025-02-12'),
(35, 117, '2017-07-15', NULL, 'Eos decerno occaecati audax.', FALSE, '2022-10-10'),
(23, 119, '2021-01-10', NULL, 'Confugo beatae reprehenderit illum termes tres carcer.', FALSE, '2021-01-12'),
(47, 121, '2025-04-08', NULL, 'Delicate sonitus xiphias censura annus.', FALSE, '2025-05-06'),
(68, 121, '2022-07-13', NULL, 'Ultra adfero numquam carbo curso vitium adipiscor.', FALSE, '2023-07-22'),
(53, 121, '2024-04-19', NULL, 'Magnam despecto vetus eveniet denique civis conturbo tui.', FALSE, '2025-01-06'),
(25, 122, '2024-03-28', NULL, 'Claustrum certe spargo atavus conturbo.', FALSE, '2024-07-16'),
(94, 122, '2024-05-23', NULL, 'Ago nam sortitus apostolus voveo cohibeo.', FALSE, '2025-04-28'),
(9, 123, '2023-12-13', NULL, 'Vivo adnuo beneficium ex appositus cresco curtus.', TRUE, '2024-02-23'),
(60, 123, '2024-08-04', NULL, 'Baiulus earum eaque iusto sit.', TRUE, '2024-12-22'),
(29, 123, '2024-07-12', NULL, 'Curatio conscendo pel cura adhaero cito.', FALSE, '2024-08-27'),
(68, 124, '2024-04-11', '2024-11-02', 'Tabesco cimentarius bonus.', FALSE, '2025-04-15'),
(19, 125, '2022-05-30', NULL, 'Excepturi numquam verbum.', TRUE, '2023-01-03'),
(53, 125, '2024-07-20', NULL, 'Spoliatio tolero amissio vigor infit et antiquus.', FALSE, '2025-05-12'),
(69, 125, '2022-09-09', NULL, 'A velut delectatio cunae.', FALSE, '2024-06-17'),
(61, 126, '2025-04-17', NULL, 'Antea vindico quam admoneo sublime alo tum.', FALSE, '2025-04-30'),
(53, 126, '2024-05-07', NULL, 'Caput cunabula ancilla.', FALSE, '2024-12-17'),
(37, 126, '2024-08-10', NULL, 'Cohibeo cohibeo solvo vulgus.', TRUE, '2024-08-15'),
(79, 127, '2024-12-27', NULL, 'Velut benigne alveus attollo.', TRUE, '2025-04-03'),
(98, 128, '2024-04-15', NULL, 'Curto testimonium bellicus vigilo.', FALSE, '2025-04-20'),
(99, 128, '2024-07-04', NULL, 'Arca coniuratio vitiosus ubi.', FALSE, '2024-10-13'),
(29, 129, '2024-10-31', '2025-10-07', 'Vilis alo astrum culpa ars cervus.', TRUE, '2024-10-31'),
(93, 129, '2024-03-26', NULL, 'Caput alo accendo.', TRUE, '2025-02-15'),
(89, 129, '2024-05-15', NULL, 'Charisma denuo tardus trepide avarus.', TRUE, '2025-04-29'),
(90, 132, '2018-12-23', '2019-07-02', 'Ver tardus admoneo cohibeo teneo praesentium ver.', TRUE, '2020-02-13'),
(82, 132, '2019-02-09', NULL, 'Succedo consequatur admoveo.', TRUE, '2021-11-01'),
(89, 132, '2021-04-06', NULL, 'Assumenda antepono creptio nobis utrimque.', TRUE, '2023-11-27'),
(70, 133, '2024-05-04', NULL, 'Virgo umquam collum denuncio quisquam certus ara thalassinus.', FALSE, '2025-02-06'),
(68, 133, '2023-07-24', '2023-08-02', 'Sublime somnus terra cometes.', FALSE, '2024-12-16'),
(64, 133, '2023-12-18', NULL, 'Nisi conduco ustulo antiquus umerus vestrum angulus exercitationem trans.', TRUE, '2025-01-28'),
(87, 134, '2020-10-05', NULL, 'Trucido provident casso ait ventosus pectus videlicet victoria undique cupiditate.', FALSE, '2024-01-31'),
(61, 134, '2020-02-01', '2020-07-12', 'Cupio usitas centum tamen succedo studio complectus adiuvo.', TRUE, '2022-08-10'),
(96, 134, '2019-07-22', NULL, 'Complectus acer conventus.', TRUE, '2024-03-22'),
(36, 137, '2018-06-02', NULL, 'Stillicidium turbo curso cotidie agnitio ancilla claro.', FALSE, '2024-04-19'),
(80, 137, '2024-01-21', NULL, 'Acervus demum credo versus cui aegrus vicinus vulpes.', TRUE, '2024-12-18'),
(76, 137, '2023-09-19', NULL, 'Absque optio defleo vis iste.', TRUE, '2023-11-17'),
(50, 138, '2023-03-06', NULL, 'Patior admiratio atavus velociter distinctio accendo copia caveo deripio.', TRUE, '2025-04-01'),
(21, 138, '2019-03-15', NULL, 'Suscipio repellat conservo molestiae carcer compono.', TRUE, '2020-06-12'),
(20, 140, '2025-01-19', NULL, 'Bellum thesis angustus benigne totidem supra necessitatibus atavus ante sordeo.', FALSE, '2025-04-03'),
(44, 140, '2022-11-06', '2023-05-14', 'Ultio creta thalassinus delectus suscipio capitulus speciosus.', FALSE, '2024-10-30'),
(74, 140, '2021-11-09', NULL, 'Curiositas ver utique incidunt nesciunt aeger baiulus delectus.', FALSE, '2024-11-25'),
(78, 142, '2024-01-02', NULL, 'Attollo blandior celebrer.', FALSE, '2025-01-25'),
(100, 142, '2023-05-03', NULL, 'Pauci caput deprecator suscipit minus usus aspernatur speculum.', TRUE, '2023-08-24'),
(15, 142, '2024-03-27', NULL, 'Arto denuncio arx ex speculum atqui umerus trepide.', TRUE, '2024-03-28'),
(30, 143, '2022-02-03', NULL, 'Amplexus spes canto trucido.', TRUE, '2024-05-18'),
(20, 143, '2022-04-07', NULL, 'Vitae strues abstergo aureus adfectus cibo deinde cupressus campana cicuta.', TRUE, '2025-02-11'),
(93, 144, '2024-09-01', '2025-04-14', 'Conor blandior adinventitias solvo auxilium tendo temeritas subiungo tristis depereo.', TRUE, '2024-11-11'),
(15, 145, '2024-02-04', '2025-01-15', 'Sonitus tamen vitium tabella solutio accusamus laudantium cognatus.', TRUE, '2024-05-05'),
(12, 146, '2025-02-28', NULL, 'Adstringo subito adeptio astrum ceno degusto debilito.', FALSE, '2025-05-05'),
(72, 146, '2025-01-02', NULL, 'Xiphias amo aro audio.', FALSE, '2025-04-27'),
(51, 147, '2024-12-11', NULL, 'Annus auditor ultra cogo reiciendis abstergo.', TRUE, '2025-04-19'),
(44, 147, '2025-03-31', NULL, 'Solitudo vergo aetas pauci amaritudo quaerat ante tabernus theologus nostrum.', FALSE, '2025-04-05'),
(21, 147, '2025-04-28', '2025-12-12', 'Collum cognatus tui velociter utroque.', TRUE, '2025-05-09'),
(19, 148, '2023-09-29', NULL, 'Error a comparo deleo.', TRUE, '2024-11-04'),
(69, 149, '2020-12-17', NULL, 'Tubineus adhaero tribuo synagoga defendo fugiat animus amplus curis rerum.', FALSE, '2024-08-31'),
(71, 149, '2024-10-05', NULL, 'Curatio blandior amo comprehendo.', TRUE, '2025-04-14'),
(92, 149, '2018-08-16', '2018-12-25', 'Virga sustineo concedo alius provident.', TRUE, '2018-10-13'),
(9, 150, '2019-08-18', NULL, 'Thymbra quam itaque spiritus statim tui.', FALSE, '2021-04-26'),
(97, 150, '2018-10-26', NULL, 'Truculenter capto vox.', TRUE, '2019-12-25'),
(13, 150, '2017-04-11', NULL, 'Angelus velit tutis aequus creator ex inflammatio bis.', FALSE, '2018-06-14'),
(64, 151, '2025-02-21', NULL, 'Dolorem degero venio avaritia.', FALSE, '2025-02-27'),
(77, 151, '2020-01-23', NULL, 'Tristis pauci conventus synagoga talio versus.', FALSE, '2020-11-07'),
(100, 152, '2017-10-22', NULL, 'Amplus alioqui talis xiphias.', TRUE, '2023-05-22'),
(78, 152, '2018-01-20', '2018-04-14', 'Caritas nostrum expedita adimpleo vero approbo curatio suppono sint.', TRUE, '2024-08-27'),
(57, 152, '2021-04-04', NULL, 'Cunae alioqui argentum sonitus sunt.', FALSE, '2024-11-02'),
(42, 153, '2024-05-06', '2024-12-02', 'Somniculosus vos temptatio conturbo terra nisi absconditus tardus deleniti aer.', TRUE, '2024-05-10'),
(17, 153, '2024-07-31', NULL, 'Congregatio supplanto comitatus.', FALSE, '2024-08-14'),
(35, 153, '2024-10-20', NULL, 'Substantia ventito decretum adfectus veritatis argentum summisse defero.', TRUE, '2025-04-28'),
(88, 154, '2021-02-12', NULL, 'Civitas claro curriculum.', TRUE, '2024-04-21'),
(69, 156, '2023-02-08', '2023-07-03', 'Vinco quam vobis tamquam absens tergum iste aspicio trado.', TRUE, '2025-01-27'),
(37, 157, '2023-01-06', NULL, 'Contabesco ambulo correptius audio callide comparo tamdiu tertius.', FALSE, '2023-06-16'),
(77, 159, '2022-12-19', NULL, 'Vigor barba bellum terga.', TRUE, '2024-03-14'),
(57, 159, '2022-05-01', '2022-08-17', 'Cilicium toties currus.', FALSE, '2025-01-06'),
(67, 159, '2022-10-19', NULL, 'Cogito vita thymbra tum desparatus ab dolorem amicitia tabula amplexus.', TRUE, '2024-03-10'),
(69, 160, '2025-01-28', NULL, 'Conforto paulatim odio cedo addo acquiro nam conor.', FALSE, '2025-05-08'),
(61, 160, '2024-05-25', NULL, 'Absum cibus texo aureus antiquus vitiosus calamitas absens.', TRUE, '2024-11-30'),
(1, 160, '2023-09-06', '2023-11-01', 'Territo vicissitudo quaerat.', FALSE, '2023-12-17'),
(66, 162, '2025-03-02', NULL, 'Ascit vinitor bellicus amplexus ciminatio bibo subnecto sopor subnecto verto.', FALSE, '2025-04-03'),
(67, 164, '2021-07-21', NULL, 'Surgo cum dicta.', TRUE, '2023-05-01'),
(5, 164, '2020-12-29', NULL, 'Aliqua comparo dapifer minus turba crudelis triduana tergeo.', TRUE, '2022-03-02'),
(33, 165, '2023-02-28', NULL, 'Advenio cui vere.', FALSE, '2023-03-10'),
(50, 165, '2023-01-25', NULL, 'Ustulo turpis aggero currus thalassinus volva apostolus advenio tantillus acquiro.', TRUE, '2023-09-18'),
(34, 166, '2024-05-02', NULL, 'Aveho dolorem verus ea adiuvo aptus.', TRUE, '2025-04-07'),
(11, 166, '2024-11-16', NULL, 'Villa vae depulso vestrum ara.', TRUE, '2025-02-28'),
(60, 167, '2023-07-04', NULL, 'Quasi acies adicio accedo cognomen.', TRUE, '2025-02-26'),
(31, 167, '2019-06-10', '2020-02-16', 'Talio defessus crux.', TRUE, '2021-02-08'),
(48, 168, '2024-03-09', NULL, 'Celebrer balbus suus tergeo terminatio amplus.', FALSE, '2024-07-11'),
(63, 168, '2025-03-02', NULL, 'Ars crur modi eveniet cibus speculum sustineo cervus veritas totidem.', TRUE, '2025-05-03'),
(28, 171, '2024-11-26', NULL, 'Vesco universe velut suffragium turbo.', TRUE, '2025-03-18'),
(88, 172, '2024-01-01', NULL, 'Accusamus cenaculum sopor.', FALSE, '2024-07-11'),
(29, 172, '2023-07-23', '2024-05-10', 'Tamen tenus armarium angustus sophismata.', FALSE, '2023-12-10'),
(14, 172, '2024-10-28', NULL, 'Casus denego vulariter confero vehemens assumenda tondeo velit.', FALSE, '2025-02-11'),
(10, 173, '2024-08-23', '2025-05-20', 'Dolorum callide centum strenuus stultus tamdiu pecto culpa vicinus vespillo.', TRUE, '2025-01-01'),
(24, 176, '2021-05-12', NULL, 'Usus vulpes cras iste agnosco harum ea advoco angelus laudantium.', FALSE, '2024-10-25'),
(3, 176, '2021-06-28', NULL, 'Tabernus conor caecus adnuo communis ceno talio adinventitias.', TRUE, '2021-07-20'),
(60, 176, '2022-10-14', NULL, 'Cognomen contego ante error tracto aeger.', FALSE, '2023-01-04'),
(86, 177, '2021-03-19', NULL, 'Corrigo crapula desparatus barba circumvenio.', FALSE, '2024-12-12'),
(38, 177, '2024-08-14', NULL, 'Illo comis dedico tredecim harum caput peior.', FALSE, '2024-09-30'),
(73, 177, '2024-10-03', NULL, 'Claro cohibeo ex praesentium coepi defendo amita voveo.', TRUE, '2025-04-29'),
(49, 178, '2017-12-25', NULL, 'Perferendis appono laborum sollicito sulum acsi truculenter accusator bonus.', TRUE, '2021-10-01'),
(97, 178, '2023-07-14', '2024-02-06', 'Vix suadeo carmen solus talio velociter.', TRUE, '2024-06-03'),
(66, 180, '2025-04-07', '2025-08-03', 'Tergeo acerbitas urbanus patior cariosus subito virgo talis cultura.', FALSE, '2025-05-10'),
(1, 180, '2023-08-13', NULL, 'Demonstro usus verto.', TRUE, '2023-08-28'),
(19, 182, '2023-11-22', '2024-08-25', 'Cur calculus temporibus.', TRUE, '2024-03-25'),
(100, 183, '2017-11-19', '2018-07-26', 'Terminatio despecto animadverto terminatio coniecto.', FALSE, '2024-11-19'),
(3, 183, '2018-08-21', NULL, 'Acervus ultra voco tamen summopere creptio statim cunctatio doloremque conduco.', TRUE, '2022-06-28'),
(21, 184, '2021-02-20', '2021-12-29', 'Pectus dedecor corporis quaerat aufero.', TRUE, '2023-05-03'),
(39, 186, '2022-01-10', NULL, 'Crepusculum explicabo defaeco summopere alo demergo clamo totidem ancilla culpa.', FALSE, '2025-02-05'),
(79, 186, '2023-05-31', NULL, 'Synagoga conscendo thalassinus atque.', TRUE, '2025-01-04'),
(88, 186, '2024-02-23', NULL, 'Volubilis alter totidem conduco placeat taedium defessus tolero.', FALSE, '2024-05-14'),
(6, 187, '2024-09-19', NULL, 'Eos adaugeo curvo claustrum vindico damnatio.', FALSE, '2025-04-16'),
(71, 188, '2018-07-31', NULL, 'Textilis creber tunc comis maxime tutamen thalassinus calcar benigne.', FALSE, '2023-07-11'),
(47, 188, '2020-09-18', NULL, 'Contego depereo ipsa cubicularis deprecator inventore tantillus aeternus admitto saepe.', TRUE, '2022-09-18'),
(98, 192, '2023-09-07', NULL, 'Bos calco degusto angelus repudiandae.', TRUE, '2023-09-13'),
(32, 192, '2024-09-23', NULL, 'Ulterius absorbeo ulterius ater comedo incidunt defetiscor.', FALSE, '2025-01-10'),
(100, 192, '2022-10-12', NULL, 'Deduco paulatim accusantium totam comptus adversus.', TRUE, '2023-04-07'),
(7, 194, '2024-05-06', NULL, 'Enim dignissimos uberrime tamen commodo damnatio tamisium vulariter autus.', FALSE, '2025-01-24'),
(31, 194, '2024-08-08', NULL, 'Sufficio acies placeat curriculum audentia crur tollo.', FALSE, '2024-10-22'),
(98, 194, '2025-04-18', '2026-02-24', 'Aro utor deleo vestrum libero dignissimos valeo vilitas.', TRUE, '2025-05-01'),
(16, 197, '2023-03-17', '2023-09-08', 'Absorbeo praesentium cura vaco alienus sub.', FALSE, '2024-09-20'),
(75, 199, '2024-04-22', '2024-09-21', 'Tersus aranea audentia talio viridis tendo minima magni defendo.', FALSE, '2024-05-21'),
(89, 199, '2024-06-06', NULL, 'Vesica tabula substantia audentia attonbitus tutamen circumvenio ex termes.', FALSE, '2024-09-17'),
(100, 199, '2024-11-24', NULL, 'Demo antepono thorax velum.', TRUE, '2024-12-29'),
(4, 3, '2023-09-16', NULL, 'Apostolus odio vos demulceo vitium thymum tam non architecto totam.', TRUE, '2024-10-16'),
(4, 188, '2023-05-12', '2023-07-17', 'Non virga votum acceptus repellendus comes tergo.', FALSE, '2023-12-23'),
(4, 103, '2024-05-29', NULL, 'Pecus contra somniculosus cattus colligo veniam.', FALSE, '2025-03-17'),
(4, 168, '2024-01-22', NULL, 'Pax cunabula curatio conspergo spiculum fuga tero constans aequus.', FALSE, '2024-11-23'),
(8, 152, '2024-07-01', NULL, 'Comprehendo claustrum uxor.', TRUE, '2025-05-11'),
(8, 63, '2023-08-13', NULL, 'Sum timidus circumvenio officiis quis peior amiculum amet vulgus.', FALSE, '2024-06-13'),
(8, 6, '2025-04-17', NULL, 'Tubineus dicta vobis.', TRUE, '2025-05-13'),
(40, 13, '2023-09-23', NULL, 'Templum admiratio saepe sodalitas socius depraedor ascit supplanto verumtamen vicissitudo.', FALSE, '2024-08-17'),
(40, 131, '2025-01-05', '2025-10-18', 'Illum deserunt tempore theatrum deputo.', FALSE, '2025-04-29'),
(40, 24, '2024-11-28', NULL, 'Cotidie sublime cenaculum consequatur.', TRUE, '2025-03-02'),
(40, 94, '2025-04-16', NULL, 'Cuius correptius venio attero volaticus aurum.', TRUE, '2025-04-25');

INSERT INTO deliveries (id, vehicle_id, driver_id, status, scheduled_delivery_time, actual_pickup_time, actual_delivery_time, delivery_distance_miles, fuel_consumed_gallons, created_at) VALUES
(1, 3, 179, 'completed', '2025-04-30T21:59:59.999Z', '2025-04-30T20:12:50.793Z', '2025-04-30T21:59:59.999Z', 45.95, 4.39, '2025-04-30T19:12:50.793Z'),
(2, 74, 26, 'cancelled', '2025-04-03T08:46:12.437Z', NULL, NULL, NULL, NULL, '2025-04-01T20:41:16.419Z'),
(3, 23, 103, 'completed', '2025-04-18T06:59:31.892Z', '2025-04-16T09:58:34.923Z', '2025-04-18T02:27:03.246Z', 85.32, 6, '2025-04-16T01:57:54.145Z'),
(4, 66, 161, 'completed', '2025-04-16T02:20:27.324Z', '2025-04-14T21:38:55.328Z', '2025-04-16T00:04:37.790Z', 159.86, 29.2, '2025-04-14T12:59:00.308Z'),
(5, 26, 56, 'cancelled', '2025-04-12T04:31:05.697Z', NULL, NULL, NULL, NULL, '2025-04-09T07:49:37.253Z'),
(6, 79, 183, 'cancelled', '2025-04-07T12:02:05.859Z', NULL, NULL, NULL, NULL, '2025-04-04T16:52:38.171Z'),
(7, 86, 23, 'cancelled', '2025-04-29T09:49:41.356Z', NULL, NULL, NULL, NULL, '2025-04-27T02:56:35.809Z'),
(8, 69, 107, 'active', '2025-04-23T01:17:38.625Z', '2025-04-21T11:57:42.676Z', NULL, 78.21, 15, '2025-04-20T02:59:25.045Z'),
(9, 57, 64, 'pending', '2025-04-30T21:59:59.999Z', NULL, NULL, NULL, NULL, '2025-04-30T10:50:56.880Z'),
(10, 90, 68, 'completed', '2025-04-27T09:18:08.651Z', '2025-04-25T19:06:41.078Z', '2025-04-27T07:19:57.580Z', 86.63, 10.17, '2025-04-25T17:58:10.227Z'),
(11, 56, 84, 'active', '2025-04-07T01:10:02.360Z', NULL, NULL, NULL, NULL, '2025-04-04T22:13:31.610Z'),
(12, 36, 41, 'cancelled', '2025-04-11T03:51:16.832Z', NULL, NULL, NULL, NULL, '2025-04-09T05:48:13.707Z'),
(13, 23, 161, 'pending', '2025-04-19T13:03:44.229Z', NULL, NULL, NULL, NULL, '2025-04-18T07:50:06.539Z'),
(14, 34, 76, 'pending', '2025-04-14T14:25:14.489Z', NULL, NULL, NULL, NULL, '2025-04-12T18:58:35.591Z'),
(15, 49, 22, 'completed', '2025-04-06T23:25:19.768Z', '2025-04-05T04:27:13.740Z', '2025-04-06T20:45:05.411Z', 8.47, 1.64, '2025-04-04T19:15:16.424Z'),
(16, 24, 7, 'active', '2025-04-13T05:35:50.095Z', '2025-04-12T08:34:06.486Z', NULL, 35.43, 6.3, '2025-04-11T14:18:29.251Z'),
(17, 84, 200, 'pending', '2025-04-27T16:58:45.974Z', NULL, NULL, NULL, NULL, '2025-04-26T09:14:50.071Z'),
(18, 21, 56, 'cancelled', '2025-04-07T16:06:57.036Z', NULL, NULL, NULL, NULL, '2025-04-05T01:01:31.274Z'),
(19, 10, 102, 'completed', '2025-04-20T20:34:29.286Z', '2025-04-19T00:10:30.105Z', '2025-04-20T18:15:22.358Z', 83.78, 3.91, '2025-04-18T15:26:32.222Z'),
(20, 71, 145, 'active', '2025-04-30T21:59:59.999Z', '2025-04-29T12:00:57.577Z', NULL, 38.64, 6.76, '2025-04-28T20:41:55.955Z'),
(21, 18, 94, 'pending', '2025-04-13T22:02:35.861Z', NULL, NULL, NULL, NULL, '2025-04-12T01:12:31.141Z'),
(22, 48, 189, 'completed', '2025-04-12T23:37:26.219Z', '2025-04-11T15:01:38.688Z', '2025-04-12T17:19:51.540Z', 150.83, 13.15, '2025-04-11T10:04:00.816Z'),
(23, 16, 96, 'cancelled', '2025-04-22T06:13:35.395Z', NULL, NULL, NULL, NULL, '2025-04-19T07:49:42.481Z'),
(24, 56, 41, 'active', '2025-04-07T05:24:57.795Z', '2025-04-06T18:10:53.033Z', NULL, NULL, NULL, '2025-04-06T01:02:02.776Z'),
(25, 100, 183, 'active', '2025-04-21T08:04:48.794Z', '2025-04-19T09:06:43.108Z', NULL, 44.72, 2.24, '2025-04-19T04:58:06.220Z'),
(26, 85, 102, 'completed', '2025-04-28T01:29:46.271Z', '2025-04-26T03:31:37.110Z', '2025-04-27T19:31:16.505Z', 23.1, 2.83, '2025-04-25T22:58:31.189Z'),
(27, 46, 180, 'active', '2025-04-12T16:51:58.404Z', '2025-04-10T15:20:59.336Z', NULL, 36.11, 3.99, '2025-04-10T01:10:52.633Z'),
(28, 63, 4, 'pending', '2025-04-15T14:04:17.995Z', NULL, NULL, NULL, NULL, '2025-04-13T22:23:52.502Z'),
(29, 63, 64, 'completed', '2025-04-04T13:39:26.282Z', '2025-04-02T19:12:57.582Z', '2025-04-04T11:38:15.241Z', 99.24, 4.83, '2025-04-02T14:35:37.745Z'),
(30, 55, 177, 'pending', '2025-04-14T15:15:01.824Z', NULL, NULL, NULL, NULL, '2025-04-13T02:35:31.525Z'),
(31, 27, 194, 'completed', '2025-04-23T04:51:47.443Z', '2025-04-21T13:01:23.877Z', '2025-04-22T21:49:23.064Z', 126.88, 21.6, '2025-04-21T02:02:03.183Z'),
(32, 23, 187, 'active', '2025-04-14T04:29:48.265Z', '2025-04-13T03:17:50.057Z', NULL, NULL, NULL, '2025-04-12T13:21:21.693Z'),
(33, 90, 132, 'completed', '2025-04-22T11:52:21.217Z', '2025-04-20T18:54:23.161Z', '2025-04-22T07:54:44.110Z', 163.27, 25.87, '2025-04-20T08:46:34.957Z'),
(34, 30, 26, 'completed', '2025-04-30T21:59:59.999Z', '2025-04-30T16:45:42.564Z', '2025-04-30T21:59:59.999Z', 121.46, 15.59, '2025-04-30T06:45:25.813Z'),
(35, 57, 183, 'active', '2025-04-28T07:57:17.921Z', NULL, NULL, NULL, NULL, '2025-04-27T06:44:30.085Z'),
(36, 63, 200, 'pending', '2025-04-17T22:01:12.844Z', NULL, NULL, NULL, NULL, '2025-04-14T22:35:30.076Z'),
(37, 81, 103, 'completed', '2025-04-21T23:09:22.972Z', '2025-04-20T02:22:54.865Z', '2025-04-21T20:16:08.348Z', 169.11, 14.24, '2025-04-19T18:08:34.225Z'),
(38, 8, 68, 'pending', '2025-04-14T13:30:45.532Z', NULL, NULL, NULL, NULL, '2025-04-11T23:20:45.420Z'),
(39, 97, 184, 'completed', '2025-04-26T15:01:00.116Z', '2025-04-24T20:46:52.521Z', '2025-04-26T13:04:55.746Z', 48.16, 9.36, '2025-04-24T18:06:41.282Z'),
(40, 37, 17, 'completed', '2025-04-10T02:19:32.010Z', '2025-04-08T11:29:21.562Z', '2025-04-09T22:56:46.538Z', 188.17, 19.15, '2025-04-08T06:45:08.633Z'),
(41, 46, 26, 'completed', '2025-04-13T16:03:49.044Z', '2025-04-12T04:53:04.423Z', '2025-04-13T14:32:34.416Z', 10.81, 1.72, '2025-04-11T22:56:08.915Z'),
(42, 67, 67, 'completed', '2025-04-12T01:02:26.884Z', '2025-04-10T04:42:31.669Z', '2025-04-11T21:02:14.389Z', 149.27, 19.97, '2025-04-10T00:11:34.217Z'),
(43, 30, 12, 'active', '2025-04-19T05:04:58.560Z', '2025-04-18T02:42:30.304Z', NULL, 68.34, 12.09, '2025-04-17T18:05:44.608Z'),
(44, 75, 156, 'active', '2025-04-16T00:59:52.485Z', '2025-04-15T23:53:40.492Z', NULL, 13.75, 2.02, '2025-04-13T16:22:58.521Z'),
(45, 20, 75, 'cancelled', '2025-04-20T12:26:15.119Z', NULL, NULL, NULL, NULL, '2025-04-19T01:08:39.415Z'),
(46, 16, 141, 'pending', '2025-04-30T21:59:59.999Z', NULL, NULL, NULL, NULL, '2025-04-30T20:44:53.543Z'),
(47, 57, 22, 'pending', '2025-04-17T11:00:25.817Z', NULL, NULL, NULL, NULL, '2025-04-15T19:24:27.471Z'),
(48, 91, 191, 'active', '2025-04-29T23:14:06.962Z', '2025-04-28T11:32:13.881Z', NULL, 95.58, 16.19, '2025-04-28T07:34:09.399Z'),
(49, 42, 194, 'active', '2025-04-10T02:11:33.171Z', '2025-04-09T09:24:06.081Z', NULL, NULL, NULL, '2025-04-07T15:28:11.705Z'),
(50, 35, 183, 'cancelled', '2025-04-08T14:23:45.165Z', NULL, NULL, NULL, NULL, '2025-04-07T12:13:20.198Z'),
(51, 55, 56, 'pending', '2025-04-11T08:35:41.593Z', NULL, NULL, NULL, NULL, '2025-04-10T00:30:39.750Z'),
(52, 37, 43, 'pending', '2025-04-03T17:08:36.877Z', NULL, NULL, NULL, NULL, '2025-04-01T04:47:43.808Z'),
(53, 3, 156, 'pending', '2025-04-30T15:15:49.217Z', NULL, NULL, NULL, NULL, '2025-04-29T06:51:22.297Z'),
(54, 62, 180, 'completed', '2025-04-23T14:02:18.078Z', '2025-04-21T12:54:59.877Z', '2025-04-23T10:22:12.823Z', 106.07, 6.65, '2025-04-21T04:52:15.392Z'),
(55, 80, 193, 'completed', '2025-04-27T00:53:47.667Z', '2025-04-25T07:38:43.080Z', '2025-04-26T18:05:58.139Z', 54.74, 10.52, '2025-04-25T06:25:00.670Z'),
(56, 5, 76, 'active', '2025-04-21T16:35:31.878Z', '2025-04-21T07:28:16.802Z', NULL, 94.51, 10.85, '2025-04-20T09:08:37.500Z'),
(57, 39, 37, 'cancelled', '2025-04-19T16:06:09.427Z', NULL, NULL, NULL, NULL, '2025-04-17T03:36:55.075Z'),
(58, 43, 56, 'cancelled', '2025-04-21T01:27:34.684Z', NULL, NULL, NULL, NULL, '2025-04-19T15:30:06.333Z'),
(59, 99, 193, 'cancelled', '2025-04-30T21:59:59.999Z', NULL, NULL, NULL, NULL, '2025-04-29T21:25:42.914Z'),
(60, 54, 7, 'pending', '2025-04-22T10:48:20.480Z', NULL, NULL, NULL, NULL, '2025-04-20T23:55:14.413Z'),
(61, 87, 107, 'pending', '2025-04-15T22:31:25.265Z', NULL, NULL, NULL, NULL, '2025-04-13T01:26:24.547Z'),
(62, 75, 10, 'pending', '2025-04-21T05:15:40.905Z', NULL, NULL, NULL, NULL, '2025-04-19T23:15:19.147Z'),
(63, 18, 9, 'cancelled', '2025-04-23T00:33:30.679Z', NULL, NULL, NULL, NULL, '2025-04-21T11:35:34.105Z'),
(64, 35, 101, 'pending', '2025-04-08T20:02:58.798Z', NULL, NULL, NULL, NULL, '2025-04-06T02:32:09.744Z'),
(65, 60, 200, 'completed', '2025-04-10T05:46:00.171Z', '2025-04-08T18:48:44.919Z', '2025-04-09T22:59:55.235Z', 118.2, 19.16, '2025-04-08T15:47:31.195Z'),
(66, 49, 20, 'pending', '2025-04-24T09:02:25.589Z', NULL, NULL, NULL, NULL, '2025-04-22T14:56:53.971Z'),
(67, 19, 193, 'pending', '2025-04-03T04:27:15.509Z', NULL, NULL, NULL, NULL, '2025-04-01T12:01:47.709Z'),
(68, 61, 62, 'cancelled', '2025-04-30T11:25:33.744Z', NULL, NULL, NULL, NULL, '2025-04-28T08:18:39.707Z'),
(69, 9, 176, 'pending', '2025-04-14T19:06:39.708Z', NULL, NULL, NULL, NULL, '2025-04-13T02:29:46.344Z'),
(70, 26, 94, 'completed', '2025-04-21T12:14:53.690Z', '2025-04-20T09:16:12.856Z', '2025-04-21T09:56:48.699Z', 164.41, 7.4, '2025-04-20T00:54:08.734Z'),
(71, 67, 10, 'pending', '2025-04-25T19:52:27.268Z', NULL, NULL, NULL, NULL, '2025-04-23T23:09:23.764Z'),
(72, 33, 10, 'pending', '2025-04-29T02:29:11.983Z', NULL, NULL, NULL, NULL, '2025-04-27T01:55:58.586Z'),
(73, 79, 196, 'completed', '2025-04-11T02:42:55.451Z', '2025-04-09T05:08:36.385Z', '2025-04-10T23:47:41.612Z', 114.93, 21.79, '2025-04-08T18:02:56.104Z'),
(74, 47, 179, 'cancelled', '2025-04-12T16:42:30.096Z', NULL, NULL, NULL, NULL, '2025-04-11T15:24:36.335Z'),
(75, 90, 81, 'pending', '2025-04-13T22:01:14.541Z', NULL, NULL, NULL, NULL, '2025-04-12T08:08:07.385Z'),
(76, 71, 183, 'completed', '2025-04-26T13:50:41.766Z', '2025-04-24T17:53:35.000Z', '2025-04-26T11:25:54.076Z', 181.55, 8.43, '2025-04-24T15:34:04.064Z'),
(77, 75, 10, 'cancelled', '2025-04-05T22:53:04.649Z', NULL, NULL, NULL, NULL, '2025-04-04T20:38:58.476Z'),
(78, 53, 132, 'cancelled', '2025-04-15T19:29:11.953Z', NULL, NULL, NULL, NULL, '2025-04-13T04:31:16.626Z'),
(79, 72, 12, 'cancelled', '2025-04-16T16:39:27.239Z', NULL, NULL, NULL, NULL, '2025-04-15T11:41:07.138Z'),
(80, 67, 107, 'completed', '2025-04-26T03:36:16.898Z', '2025-04-24T08:08:08.270Z', '2025-04-25T20:07:00.305Z', 50.45, 9.04, '2025-04-24T05:03:00.074Z'),
(81, 70, 37, 'active', '2025-04-30T21:59:59.999Z', '2025-04-29T02:50:03.174Z', NULL, NULL, NULL, '2025-04-28T21:31:22.528Z'),
(82, 100, 96, 'pending', '2025-04-10T22:45:05.680Z', NULL, NULL, NULL, NULL, '2025-04-09T04:19:29.895Z'),
(83, 52, 194, 'pending', '2025-04-11T22:51:40.793Z', NULL, NULL, NULL, NULL, '2025-04-09T21:35:05.383Z'),
(84, 83, 64, 'pending', '2025-04-28T04:43:57.179Z', NULL, NULL, NULL, NULL, '2025-04-26T23:58:42.410Z'),
(85, 17, 187, 'cancelled', '2025-04-26T22:21:16.555Z', NULL, NULL, NULL, NULL, '2025-04-24T00:26:13.490Z'),
(86, 27, 187, 'cancelled', '2025-04-30T21:59:59.999Z', NULL, NULL, NULL, NULL, '2025-04-30T17:41:00.129Z'),
(87, 61, 183, 'active', '2025-04-15T17:06:28.524Z', '2025-04-14T22:33:50.603Z', NULL, 71.42, 7.17, '2025-04-13T23:09:14.473Z'),
(88, 19, 75, 'cancelled', '2025-04-26T14:17:29.405Z', NULL, NULL, NULL, NULL, '2025-04-24T11:20:04.727Z'),
(89, 56, 67, 'completed', '2025-04-14T20:44:45.313Z', '2025-04-12T17:38:59.716Z', '2025-04-14T17:02:21.133Z', 85.31, 8.88, '2025-04-12T09:48:06.669Z'),
(90, 85, 12, 'cancelled', '2025-04-29T14:33:39.719Z', NULL, NULL, NULL, NULL, '2025-04-26T19:04:38.456Z'),
(91, 93, 76, 'completed', '2025-04-23T06:33:33.570Z', '2025-04-21T05:27:52.845Z', '2025-04-23T02:43:53.177Z', 180.13, 25.14, '2025-04-20T20:51:05.024Z'),
(92, 41, 23, 'completed', '2025-04-25T05:07:44.885Z', '2025-04-23T10:51:14.497Z', '2025-04-25T04:41:10.408Z', 84.2, 13.5, '2025-04-23T02:31:43.754Z'),
(93, 71, 48, 'active', '2025-04-22T03:43:37.808Z', '2025-04-21T23:18:13.566Z', NULL, 57.78, 5.98, '2025-04-20T18:07:23.960Z'),
(94, 83, 26, 'cancelled', '2025-04-24T07:14:34.170Z', NULL, NULL, NULL, NULL, '2025-04-22T20:29:15.893Z'),
(95, 97, 40, 'completed', '2025-04-05T05:45:54.870Z', '2025-04-03T18:46:21.739Z', '2025-04-05T03:01:16.777Z', 137.44, 20.34, '2025-04-03T17:05:12.139Z'),
(96, 87, 180, 'active', '2025-04-23T20:41:04.694Z', '2025-04-23T07:31:06.882Z', NULL, 38.15, 7.46, '2025-04-22T15:43:20.519Z'),
(97, 25, 20, 'completed', '2025-04-19T16:06:23.866Z', '2025-04-18T02:52:13.489Z', '2025-04-19T10:55:42.492Z', 40.18, 7.19, '2025-04-17T17:45:19.842Z'),
(98, 34, 61, 'completed', '2025-04-09T22:56:15.715Z', '2025-04-07T23:05:33.689Z', '2025-04-09T21:42:49.809Z', 108.64, 7.5, '2025-04-07T15:21:44.663Z'),
(99, 47, 96, 'active', '2025-04-21T06:31:27.043Z', '2025-04-20T17:42:46.824Z', NULL, 53.34, 2.43, '2025-04-18T08:33:31.113Z'),
(100, 12, 193, 'completed', '2025-04-05T09:03:05.415Z', '2025-04-03T10:18:42.086Z', '2025-04-05T03:47:51.338Z', 23.77, 1.59, '2025-04-03T06:05:16.058Z'),
(101, 20, 4, 'pending', '2025-04-12T20:42:51.350Z', NULL, NULL, NULL, NULL, '2025-04-10T04:49:34.164Z'),
(102, 80, 75, 'completed', '2025-04-30T21:59:59.999Z', '2025-04-30T15:56:55.626Z', '2025-04-30T21:59:59.999Z', 154.75, 11.54, '2025-04-30T14:56:55.626Z'),
(103, 79, 84, 'pending', '2025-04-11T15:53:50.673Z', NULL, NULL, NULL, NULL, '2025-04-09T17:03:14.070Z'),
(104, 3, 96, 'completed', '2025-04-24T03:17:07.491Z', '2025-04-22T05:48:15.235Z', '2025-04-23T19:28:19.684Z', 79.9, 11.61, '2025-04-21T22:44:40.506Z'),
(105, 93, 179, 'pending', '2025-04-14T20:33:57.914Z', NULL, NULL, NULL, NULL, '2025-04-13T13:15:18.275Z'),
(106, 43, 180, 'active', '2025-04-20T09:36:31.983Z', '2025-04-17T20:39:32.700Z', NULL, NULL, NULL, '2025-04-17T16:18:57.508Z'),
(107, 81, 20, 'active', '2025-04-17T07:16:24.411Z', '2025-04-15T14:25:17.421Z', NULL, 53.68, 9.21, '2025-04-15T00:04:02.535Z'),
(108, 18, 107, 'cancelled', '2025-04-28T09:05:45.842Z', NULL, NULL, NULL, NULL, '2025-04-26T00:13:24.895Z'),
(109, 42, 193, 'active', '2025-04-25T02:48:57.042Z', '2025-04-24T03:41:15.539Z', NULL, 86.17, 16.03, '2025-04-22T16:02:00.340Z'),
(110, 56, 68, 'cancelled', '2025-04-06T23:45:08.931Z', NULL, NULL, NULL, NULL, '2025-04-05T09:58:29.377Z'),
(111, 25, 94, 'active', '2025-04-11T07:27:01.532Z', '2025-04-10T01:34:41.991Z', NULL, 48.07, 2.47, '2025-04-09T19:18:25.593Z'),
(112, 79, 114, 'active', '2025-04-13T09:58:58.455Z', '2025-04-13T00:22:38.951Z', NULL, NULL, NULL, '2025-04-12T09:38:41.563Z'),
(113, 20, 189, 'completed', '2025-04-06T08:19:40.732Z', '2025-04-04T17:28:47.422Z', '2025-04-06T02:18:46.354Z', 6.88, 1.33, '2025-04-04T09:30:40.394Z'),
(114, 5, 10, 'cancelled', '2025-04-16T12:30:10.774Z', NULL, NULL, NULL, NULL, '2025-04-13T23:01:46.836Z'),
(115, 32, 191, 'pending', '2025-04-08T08:14:25.833Z', NULL, NULL, NULL, NULL, '2025-04-05T09:48:09.468Z'),
(116, 7, 22, 'cancelled', '2025-04-14T18:02:09.294Z', NULL, NULL, NULL, NULL, '2025-04-13T16:33:54.567Z'),
(117, 41, 57, 'pending', '2025-04-08T17:47:23.343Z', NULL, NULL, NULL, NULL, '2025-04-06T20:42:31.322Z'),
(118, 82, 4, 'active', '2025-04-22T03:16:59.520Z', '2025-04-21T00:57:08.590Z', NULL, 11.05, 0.79, '2025-04-20T18:55:51.198Z'),
(119, 14, 200, 'cancelled', '2025-04-18T23:24:31.562Z', NULL, NULL, NULL, NULL, '2025-04-16T12:15:17.197Z'),
(120, 61, 101, 'active', '2025-04-29T18:44:32.095Z', '2025-04-29T02:20:27.255Z', NULL, 49.7, 2.86, '2025-04-28T06:33:46.390Z'),
(121, 68, 64, 'cancelled', '2025-04-10T20:39:40.678Z', NULL, NULL, NULL, NULL, '2025-04-09T11:15:47.268Z'),
(122, 19, 196, 'active', '2025-04-14T03:27:24.380Z', NULL, NULL, NULL, NULL, '2025-04-11T08:15:28.319Z'),
(123, 21, 123, 'pending', '2025-04-09T10:10:16.798Z', NULL, NULL, NULL, NULL, '2025-04-06T13:35:03.787Z'),
(124, 12, 46, 'completed', '2025-04-18T03:34:32.131Z', '2025-04-16T06:28:33.668Z', '2025-04-18T02:12:28.156Z', 115.22, 7.15, '2025-04-16T03:33:07.167Z'),
(125, 43, 115, 'cancelled', '2025-04-25T03:16:53.731Z', NULL, NULL, NULL, NULL, '2025-04-22T05:29:25.608Z'),
(126, 68, 172, 'completed', '2025-04-27T21:54:41.145Z', '2025-04-25T16:45:48.437Z', '2025-04-27T14:48:47.083Z', 194.61, 24.5, '2025-04-25T11:44:00.793Z'),
(127, 18, 101, 'pending', '2025-04-14T15:35:17.674Z', NULL, NULL, NULL, NULL, '2025-04-13T06:05:53.105Z'),
(128, 93, 172, 'cancelled', '2025-04-28T00:17:13.948Z', NULL, NULL, NULL, NULL, '2025-04-26T13:33:50.668Z'),
(129, 88, 17, 'active', '2025-04-04T06:37:46.095Z', '2025-04-02T00:40:33.755Z', NULL, 67.34, 6.43, '2025-04-01T11:53:06.692Z'),
(130, 57, 46, 'cancelled', '2025-04-06T15:52:54.169Z', NULL, NULL, NULL, NULL, '2025-04-04T06:27:25.676Z'),
(131, 44, 4, 'pending', '2025-04-05T08:30:12.134Z', NULL, NULL, NULL, NULL, '2025-04-02T12:53:11.693Z'),
(132, 45, 75, 'completed', '2025-04-30T21:59:59.999Z', '2025-04-29T02:35:13.162Z', '2025-04-30T21:59:59.999Z', 22.11, 2.82, '2025-04-28T21:48:39.268Z'),
(133, 29, 41, 'cancelled', '2025-04-11T10:25:29.461Z', NULL, NULL, NULL, NULL, '2025-04-08T19:59:55.071Z'),
(134, 48, 195, 'cancelled', '2025-04-16T13:43:04.672Z', NULL, NULL, NULL, NULL, '2025-04-14T21:28:29.149Z'),
(135, 43, 4, 'pending', '2025-04-30T21:59:59.999Z', NULL, NULL, NULL, NULL, '2025-04-30T21:18:14.147Z'),
(136, 64, 61, 'active', '2025-04-29T17:28:25.618Z', '2025-04-28T17:19:20.952Z', NULL, 56.49, 6.36, '2025-04-27T20:16:46.690Z'),
(137, 30, 62, 'active', '2025-04-04T11:09:44.428Z', NULL, NULL, NULL, NULL, '2025-04-03T09:58:05.932Z'),
(138, 82, 64, 'cancelled', '2025-04-15T21:11:33.101Z', NULL, NULL, NULL, NULL, '2025-04-12T22:12:39.924Z'),
(139, 14, 184, 'cancelled', '2025-04-28T04:08:28.664Z', NULL, NULL, NULL, NULL, '2025-04-26T09:36:03.973Z'),
(140, 21, 88, 'completed', '2025-04-24T09:30:19.694Z', '2025-04-22T20:25:09.584Z', '2025-04-24T05:35:23.499Z', 37.18, 6.71, '2025-04-22T17:10:10.501Z'),
(141, 54, 198, 'cancelled', '2025-04-07T04:58:10.018Z', NULL, NULL, NULL, NULL, '2025-04-05T03:31:14.039Z'),
(142, 34, 184, 'cancelled', '2025-04-13T19:11:00.008Z', NULL, NULL, NULL, NULL, '2025-04-12T18:40:25.673Z'),
(143, 4, 191, 'active', '2025-04-25T22:25:56.671Z', '2025-04-25T01:00:22.875Z', NULL, NULL, NULL, '2025-04-24T08:37:38.647Z'),
(144, 27, 183, 'active', '2025-04-09T10:20:02.767Z', '2025-04-07T16:46:52.868Z', NULL, NULL, NULL, '2025-04-07T14:38:44.836Z'),
(145, 94, 193, 'active', '2025-04-11T01:36:47.335Z', '2025-04-10T02:30:19.255Z', NULL, 93.36, 16.96, '2025-04-08T19:36:30.322Z'),
(146, 69, 68, 'completed', '2025-04-10T03:39:07.770Z', '2025-04-08T13:49:50.993Z', '2025-04-09T23:36:45.065Z', 157.45, 15.72, '2025-04-08T03:57:34.973Z'),
(147, 57, 132, 'pending', '2025-04-21T06:54:26.780Z', NULL, NULL, NULL, NULL, '2025-04-19T07:59:17.828Z'),
(148, 52, 68, 'pending', '2025-04-14T15:24:39.386Z', NULL, NULL, NULL, NULL, '2025-04-12T04:57:20.944Z'),
(149, 10, 107, 'active', '2025-04-21T17:35:28.215Z', '2025-04-20T06:25:58.427Z', NULL, NULL, NULL, '2025-04-19T12:50:23.157Z'),
(150, 59, 9, 'pending', '2025-04-20T06:25:34.073Z', NULL, NULL, NULL, NULL, '2025-04-17T20:58:17.272Z'),
(151, 12, 65, 'active', '2025-04-22T15:41:32.912Z', '2025-04-22T07:03:39.900Z', NULL, 43.02, 5.34, '2025-04-20T05:00:47.516Z'),
(152, 50, 37, 'cancelled', '2025-04-25T10:01:54.616Z', NULL, NULL, NULL, NULL, '2025-04-24T07:04:15.357Z'),
(153, 79, 156, 'pending', '2025-04-27T17:22:05.281Z', NULL, NULL, NULL, NULL, '2025-04-25T12:43:10.617Z'),
(154, 39, 22, 'cancelled', '2025-04-23T20:39:00.669Z', NULL, NULL, NULL, NULL, '2025-04-22T06:45:38.334Z'),
(155, 81, 140, 'pending', '2025-04-14T00:57:55.622Z', NULL, NULL, NULL, NULL, '2025-04-11T22:56:30.445Z'),
(156, 74, 101, 'completed', '2025-04-25T13:51:30.373Z', '2025-04-24T09:10:44.882Z', '2025-04-25T12:50:46.804Z', 11.1, 2.17, '2025-04-23T22:54:09.846Z'),
(157, 60, 7, 'active', '2025-04-13T19:29:03.475Z', '2025-04-13T11:08:17.058Z', NULL, 12.8, 2.01, '2025-04-12T03:50:14.659Z'),
(158, 47, 84, 'pending', '2025-04-02T04:02:44.277Z', NULL, NULL, NULL, NULL, '2025-04-01T03:31:40.670Z'),
(159, 4, 9, 'pending', '2025-04-30T21:59:59.999Z', NULL, NULL, NULL, NULL, '2025-04-30T13:34:48.494Z'),
(160, 93, 62, 'pending', '2025-04-16T19:03:44.745Z', NULL, NULL, NULL, NULL, '2025-04-15T06:36:00.514Z'),
(161, 79, 4, 'cancelled', '2025-04-03T13:19:23.784Z', NULL, NULL, NULL, NULL, '2025-04-02T03:01:22.665Z'),
(162, 30, 114, 'active', '2025-04-21T21:05:55.038Z', '2025-04-21T18:40:47.483Z', NULL, 67.78, 12.79, '2025-04-20T08:10:07.991Z'),
(163, 78, 78, 'pending', '2025-04-30T21:59:59.999Z', NULL, NULL, NULL, NULL, '2025-04-30T17:20:58.364Z'),
(164, 59, 41, 'active', '2025-04-04T08:15:53.672Z', '2025-04-02T19:31:49.480Z', NULL, 29.37, 5.37, '2025-04-02T03:26:47.220Z'),
(165, 78, 13, 'pending', '2025-04-07T14:38:38.101Z', NULL, NULL, NULL, NULL, '2025-04-04T20:55:49.406Z'),
(166, 80, 179, 'pending', '2025-04-27T17:14:58.922Z', NULL, NULL, NULL, NULL, '2025-04-26T15:31:10.779Z'),
(167, 13, 56, 'cancelled', '2025-04-29T08:15:17.018Z', NULL, NULL, NULL, NULL, '2025-04-27T05:20:55.783Z'),
(168, 16, 75, 'active', '2025-04-14T00:28:21.856Z', '2025-04-13T00:29:58.367Z', NULL, 41.6, 7.3, '2025-04-11T06:34:52.785Z'),
(169, 27, 176, 'cancelled', '2025-04-06T02:08:15.662Z', NULL, NULL, NULL, NULL, '2025-04-04T18:57:53.961Z'),
(170, 7, 7, 'pending', '2025-04-25T09:23:13.161Z', NULL, NULL, NULL, NULL, '2025-04-24T03:23:14.000Z'),
(171, 55, 67, 'active', '2025-04-30T21:59:59.999Z', NULL, NULL, NULL, NULL, '2025-04-29T05:59:49.817Z'),
(172, 27, 61, 'pending', '2025-04-12T06:46:12.545Z', NULL, NULL, NULL, NULL, '2025-04-10T08:10:35.646Z'),
(173, 37, 84, 'cancelled', '2025-04-18T07:55:30.733Z', NULL, NULL, NULL, NULL, '2025-04-16T11:31:19.421Z'),
(174, 18, 9, 'pending', '2025-04-30T21:59:59.999Z', NULL, NULL, NULL, NULL, '2025-04-29T13:17:40.358Z'),
(175, 71, 7, 'active', '2025-04-15T23:25:03.093Z', '2025-04-15T10:25:42.742Z', NULL, NULL, NULL, '2025-04-14T17:52:41.766Z'),
(176, 18, 88, 'pending', '2025-04-25T07:53:49.903Z', NULL, NULL, NULL, NULL, '2025-04-22T11:31:14.176Z'),
(177, 65, 78, 'completed', '2025-04-24T13:56:50.320Z', '2025-04-22T18:25:50.137Z', '2025-04-24T08:29:01.928Z', 50.62, 2.26, '2025-04-22T10:25:42.628Z'),
(178, 50, 43, 'completed', '2025-04-20T16:04:36.565Z', '2025-04-18T22:49:48.207Z', '2025-04-20T12:27:49.227Z', 41, 5.44, '2025-04-18T14:09:56.483Z'),
(179, 41, 22, 'cancelled', '2025-04-14T00:09:31.901Z', NULL, NULL, NULL, NULL, '2025-04-11T10:11:59.177Z'),
(180, 36, 177, 'pending', '2025-04-26T11:12:33.340Z', NULL, NULL, NULL, NULL, '2025-04-24T08:37:21.268Z'),
(181, 89, 102, 'cancelled', '2025-04-11T18:24:28.536Z', NULL, NULL, NULL, NULL, '2025-04-10T03:32:28.198Z'),
(182, 60, 107, 'pending', '2025-04-19T04:51:12.022Z', NULL, NULL, NULL, NULL, '2025-04-17T17:14:34.068Z'),
(183, 48, 187, 'completed', '2025-04-24T18:34:08.878Z', '2025-04-23T03:43:16.681Z', '2025-04-24T11:44:29.557Z', 22.07, 1.2, '2025-04-22T17:46:10.881Z'),
(184, 6, 198, 'active', '2025-04-11T02:11:17.310Z', '2025-04-09T15:49:25.023Z', NULL, 21.65, 4.02, '2025-04-09T09:35:37.329Z'),
(185, 33, 9, 'completed', '2025-04-16T11:42:04.134Z', '2025-04-14T09:50:59.855Z', '2025-04-16T04:43:46.226Z', 158.68, 29.71, '2025-04-13T23:23:48.203Z'),
(186, 84, 191, 'cancelled', '2025-04-16T05:46:16.859Z', NULL, NULL, NULL, NULL, '2025-04-13T12:08:10.593Z'),
(187, 30, 2, 'completed', '2025-04-18T03:34:31.758Z', '2025-04-16T07:26:46.182Z', '2025-04-18T01:03:44.779Z', 118.67, 13.66, '2025-04-16T04:08:38.066Z'),
(188, 57, 57, 'completed', '2025-04-30T21:59:59.999Z', '2025-04-29T21:52:17.327Z', '2025-04-30T21:59:59.999Z', 113.51, 13.6, '2025-04-29T15:30:51.599Z'),
(189, 42, 20, 'completed', '2025-04-11T07:05:54.349Z', '2025-04-09T18:38:15.131Z', '2025-04-10T23:27:29.188Z', 90.48, 8.76, '2025-04-09T08:00:11.637Z'),
(190, 32, 22, 'active', '2025-04-23T15:52:24.702Z', NULL, NULL, NULL, NULL, '2025-04-21T04:46:21.623Z'),
(191, 51, 4, 'pending', '2025-04-10T14:01:54.194Z', NULL, NULL, NULL, NULL, '2025-04-09T11:59:03.745Z'),
(192, 54, 131, 'pending', '2025-04-30T02:09:03.595Z', NULL, NULL, NULL, NULL, '2025-04-28T19:51:19.399Z'),
(193, 98, 4, 'active', '2025-04-18T17:36:21.870Z', '2025-04-17T10:39:53.519Z', NULL, NULL, NULL, '2025-04-17T01:36:04.055Z'),
(194, 95, 193, 'active', '2025-04-30T15:59:39.731Z', '2025-04-30T01:00:53.654Z', NULL, 95.72, 8.47, '2025-04-29T08:23:35.032Z'),
(195, 81, 46, 'pending', '2025-04-25T00:53:27.062Z', NULL, NULL, NULL, NULL, '2025-04-23T03:30:17.833Z'),
(196, 91, 46, 'cancelled', '2025-04-30T21:59:59.999Z', NULL, NULL, NULL, NULL, '2025-04-29T14:11:54.175Z'),
(197, 48, 193, 'pending', '2025-04-15T19:48:38.716Z', NULL, NULL, NULL, NULL, '2025-04-13T13:00:59.534Z'),
(198, 10, 65, 'active', '2025-04-06T10:46:57.907Z', '2025-04-05T04:06:32.305Z', NULL, 71.58, 13.8, '2025-04-04T09:51:55.197Z'),
(199, 21, 20, 'pending', '2025-04-05T18:35:53.545Z', NULL, NULL, NULL, NULL, '2025-04-03T23:18:23.741Z'),
(200, 23, 107, 'cancelled', '2025-04-20T13:22:41.821Z', NULL, NULL, NULL, NULL, '2025-04-19T05:54:52.077Z'),
(201, 96, 78, 'active', '2025-04-13T05:08:22.769Z', '2025-04-11T23:12:53.170Z', NULL, 81.58, 11.86, '2025-04-11T17:32:45.127Z'),
(202, 69, 156, 'active', '2025-04-19T11:37:34.843Z', '2025-04-18T17:36:51.676Z', NULL, NULL, NULL, '2025-04-17T11:40:28.135Z'),
(203, 98, 176, 'active', '2025-04-23T08:37:17.830Z', '2025-04-22T01:56:16.956Z', NULL, 69.97, 4.74, '2025-04-20T17:45:55.371Z'),
(204, 3, 7, 'pending', '2025-04-04T15:17:11.318Z', NULL, NULL, NULL, NULL, '2025-04-02T15:51:58.579Z'),
(205, 2, 200, 'cancelled', '2025-04-19T02:42:46.386Z', NULL, NULL, NULL, NULL, '2025-04-17T17:03:28.421Z'),
(206, 42, 13, 'cancelled', '2025-04-03T14:22:26.797Z', NULL, NULL, NULL, NULL, '2025-04-02T11:54:01.311Z'),
(207, 92, 140, 'active', '2025-04-25T07:43:24.087Z', '2025-04-23T14:35:53.262Z', NULL, 81.49, 13.18, '2025-04-22T13:59:04.058Z'),
(208, 26, 141, 'cancelled', '2025-04-12T19:47:11.009Z', NULL, NULL, NULL, NULL, '2025-04-10T19:35:16.738Z'),
(209, 48, 43, 'active', '2025-04-15T04:12:22.906Z', '2025-04-14T06:35:09.369Z', NULL, 82.34, 13.6, '2025-04-13T20:15:35.461Z'),
(210, 32, 132, 'completed', '2025-04-07T03:01:34.115Z', '2025-04-05T17:06:52.751Z', '2025-04-06T23:28:23.234Z', 33.16, 4.21, '2025-04-05T12:37:56.863Z'),
(211, 76, 123, 'active', '2025-04-16T18:11:45.206Z', '2025-04-15T08:46:07.366Z', NULL, 74.06, 12.37, '2025-04-14T06:46:49.500Z'),
(212, 55, 23, 'active', '2025-04-20T11:30:50.083Z', '2025-04-18T07:46:14.436Z', NULL, 40.55, 6.54, '2025-04-17T12:04:44.585Z'),
(213, 85, 56, 'pending', '2025-04-23T14:42:27.936Z', NULL, NULL, NULL, NULL, '2025-04-22T02:30:17.103Z'),
(214, 100, 76, 'cancelled', '2025-04-29T03:31:05.606Z', NULL, NULL, NULL, NULL, '2025-04-26T17:50:59.201Z'),
(215, 82, 2, 'cancelled', '2025-04-04T20:59:04.884Z', NULL, NULL, NULL, NULL, '2025-04-02T20:14:43.815Z'),
(216, 79, 78, 'active', '2025-04-16T06:30:01.049Z', NULL, NULL, NULL, NULL, '2025-04-15T04:51:51.874Z'),
(217, 96, 68, 'pending', '2025-04-03T09:46:33.201Z', NULL, NULL, NULL, NULL, '2025-04-02T06:24:49.334Z'),
(218, 1, 123, 'cancelled', '2025-04-30T21:59:59.999Z', NULL, NULL, NULL, NULL, '2025-04-29T21:03:31.730Z'),
(219, 71, 156, 'completed', '2025-04-26T14:57:06.898Z', '2025-04-25T00:51:44.181Z', '2025-04-26T07:46:36.761Z', 86.9, 4.29, '2025-04-24T19:54:13.142Z'),
(220, 25, 88, 'active', '2025-04-20T12:34:44.848Z', '2025-04-19T21:06:44.091Z', NULL, 91.06, 15.86, '2025-04-18T18:12:02.585Z'),
(221, 12, 123, 'completed', '2025-04-22T18:14:24.508Z', '2025-04-21T14:38:01.695Z', '2025-04-23T01:03:05.860Z', 66.24, 6.77, '2025-04-21T08:36:16.714Z'),
(222, 34, 22, 'active', '2025-04-27T02:13:01.227Z', '2025-04-27T01:59:48.053Z', NULL, 46.01, 8.96, '2025-04-24T22:42:14.522Z'),
(223, 75, 103, 'pending', '2025-04-30T21:59:59.999Z', NULL, NULL, NULL, NULL, '2025-04-30T04:07:26.368Z'),
(224, 17, 103, 'cancelled', '2025-04-04T07:52:12.940Z', NULL, NULL, NULL, NULL, '2025-04-01T08:45:47.745Z'),
(225, 59, 99, 'completed', '2025-04-30T05:19:27.034Z', '2025-04-28T23:23:35.373Z', '2025-04-30T01:12:14.012Z', 148.88, 20.68, '2025-04-28T21:56:40.816Z'),
(226, 37, 140, 'cancelled', '2025-04-04T03:40:25.789Z', NULL, NULL, NULL, NULL, '2025-04-01T14:32:34.859Z'),
(227, 99, 9, 'completed', '2025-04-10T11:36:46.075Z', '2025-04-09T00:40:21.669Z', '2025-04-10T09:00:49.321Z', 116.22, 21.71, '2025-04-08T13:14:07.744Z'),
(228, 7, 195, 'completed', '2025-04-30T21:59:59.999Z', '2025-04-30T12:39:11.763Z', '2025-04-30T21:59:59.999Z', 171.71, 9.78, '2025-04-30T06:21:10.921Z'),
(229, 10, 94, 'cancelled', '2025-04-14T03:58:03.106Z', NULL, NULL, NULL, NULL, '2025-04-12T19:32:16.050Z'),
(230, 12, 145, 'pending', '2025-04-11T17:31:43.081Z', NULL, NULL, NULL, NULL, '2025-04-09T13:45:23.935Z'),
(231, 97, 13, 'completed', '2025-04-23T16:33:50.763Z', '2025-04-22T12:51:00.520Z', '2025-04-23T15:04:24.522Z', 178.53, 23.22, '2025-04-22T06:29:51.307Z'),
(232, 17, 4, 'pending', '2025-04-28T06:38:55.218Z', NULL, NULL, NULL, NULL, '2025-04-26T21:03:09.695Z'),
(233, 46, 22, 'active', '2025-04-17T02:46:09.023Z', '2025-04-16T20:41:47.976Z', NULL, NULL, NULL, '2025-04-14T07:03:09.765Z'),
(234, 66, 161, 'active', '2025-04-14T21:31:23.523Z', '2025-04-13T08:47:08.648Z', NULL, 79.82, 15.55, '2025-04-13T08:25:39.583Z'),
(235, 52, 140, 'completed', '2025-04-23T16:16:58.792Z', '2025-04-22T04:21:29.547Z', '2025-04-23T10:20:54.812Z', 66.8, 9.06, '2025-04-22T00:27:44.206Z'),
(236, 34, 12, 'active', '2025-04-29T05:52:54.967Z', '2025-04-29T00:50:54.519Z', NULL, 82.87, 12.74, '2025-04-27T19:55:02.571Z'),
(237, 7, 76, 'active', '2025-04-12T05:30:08.399Z', '2025-04-12T01:32:48.234Z', NULL, 24.3, 1.21, '2025-04-10T18:49:19.377Z'),
(238, 15, 114, 'cancelled', '2025-04-04T15:23:00.150Z', NULL, NULL, NULL, NULL, '2025-04-03T05:32:59.642Z'),
(239, 96, 10, 'completed', '2025-04-05T07:39:04.447Z', '2025-04-04T06:25:38.964Z', '2025-04-05T06:53:46.029Z', 60.36, 4.76, '2025-04-04T03:08:40.085Z'),
(240, 95, 145, 'active', '2025-04-14T00:36:26.520Z', NULL, NULL, NULL, NULL, '2025-04-12T13:23:14.954Z'),
(241, 51, 187, 'active', '2025-04-22T18:20:37.356Z', '2025-04-22T06:25:37.932Z', NULL, 91.08, 17.77, '2025-04-20T04:46:38.484Z'),
(242, 83, 76, 'completed', '2025-04-20T11:05:49.177Z', '2025-04-18T20:18:39.515Z', '2025-04-20T10:44:05.144Z', 189.53, 35.37, '2025-04-18T08:20:10.155Z'),
(243, 86, 64, 'completed', '2025-04-11T06:30:41.604Z', '2025-04-09T01:56:20.120Z', '2025-04-10T22:58:52.852Z', 161.35, 12.34, '2025-04-08T21:15:01.664Z'),
(244, 30, 76, 'cancelled', '2025-04-18T23:00:55.790Z', NULL, NULL, NULL, NULL, '2025-04-17T05:21:54.634Z'),
(245, 39, 76, 'cancelled', '2025-04-11T19:11:18.151Z', NULL, NULL, NULL, NULL, '2025-04-09T12:13:32.105Z'),
(246, 12, 102, 'active', '2025-04-12T20:38:29.895Z', '2025-04-11T14:06:12.773Z', NULL, 37.04, 4.83, '2025-04-10T19:22:01.406Z'),
(247, 100, 161, 'active', '2025-04-24T14:47:30.476Z', '2025-04-23T09:20:37.627Z', NULL, NULL, NULL, '2025-04-22T02:26:19.320Z'),
(248, 47, 196, 'active', '2025-04-23T14:45:11.366Z', '2025-04-23T05:29:27.848Z', NULL, NULL, NULL, '2025-04-22T03:52:41.974Z'),
(249, 80, 37, 'pending', '2025-04-13T02:32:37.680Z', NULL, NULL, NULL, NULL, '2025-04-11T09:06:03.760Z'),
(250, 85, 193, 'cancelled', '2025-04-14T20:03:09.100Z', NULL, NULL, NULL, NULL, '2025-04-12T05:40:27.735Z'),
(251, 4, 22, 'cancelled', '2025-05-06T22:49:53.791Z', NULL, NULL, NULL, NULL, '2025-05-05T01:00:52.622Z'),
(252, 100, 48, 'active', '2025-05-05T14:39:24.581Z', '2025-05-19T12:29:51.438Z', NULL, 58.74, 10.25, '2025-05-03T07:23:04.092Z'),
(253, 50, 67, 'pending', '2025-05-23T22:23:41.906Z', NULL, NULL, NULL, NULL, '2025-05-22T06:51:40.139Z'),
(254, 78, 7, 'active', '2025-05-04T10:51:28.038Z', '2025-05-15T07:42:19.141Z', NULL, 10.19, 1.71, '2025-05-03T04:47:21.882Z'),
(255, 24, 193, 'cancelled', '2025-05-14T06:19:59.645Z', NULL, NULL, NULL, NULL, '2025-05-12T10:12:55.596Z'),
(256, 20, 101, 'pending', '2025-05-13T13:04:20.164Z', NULL, NULL, NULL, NULL, '2025-05-11T14:58:11.946Z'),
(257, 12, 7, 'pending', '2025-05-07T23:13:55.077Z', NULL, NULL, NULL, NULL, '2025-05-06T16:32:14.516Z'),
(258, 32, 102, 'cancelled', '2025-05-12T12:14:21.337Z', NULL, NULL, NULL, NULL, '2025-05-11T01:53:15.808Z'),
(259, 1, 102, 'cancelled', '2025-05-20T03:11:56.026Z', NULL, NULL, NULL, NULL, '2025-05-18T12:37:31.715Z'),
(260, 13, 196, 'pending', '2025-05-05T02:17:31.250Z', NULL, NULL, NULL, NULL, '2025-05-03T02:43:22.062Z'),
(261, 44, 196, 'cancelled', '2025-05-05T19:08:54.564Z', NULL, NULL, NULL, NULL, '2025-05-04T00:54:56.695Z'),
(262, 10, 180, 'active', '2025-05-11T10:46:34.454Z', '2025-05-22T09:38:18.742Z', NULL, 97.98, 12.88, '2025-05-08T14:38:40.604Z'),
(263, 67, 48, 'pending', '2025-05-08T03:26:17.085Z', NULL, NULL, NULL, NULL, '2025-05-05T22:06:37.805Z'),
(264, 42, 96, 'pending', '2025-05-08T12:00:39.903Z', NULL, NULL, NULL, NULL, '2025-05-06T03:59:28.383Z'),
(265, 49, 131, 'active', '2025-05-02T04:18:57.370Z', '2025-05-15T07:32:22.990Z', NULL, 35.8, 4.36, '2025-05-01T02:59:13.568Z'),
(266, 41, 156, 'active', '2025-05-14T03:12:16.011Z', '2025-05-17T19:42:45.598Z', NULL, 29.4, 5.24, '2025-05-12T11:48:26.031Z'),
(267, 27, 107, 'pending', '2025-05-15T11:41:49.212Z', NULL, NULL, NULL, NULL, '2025-05-14T01:23:52.282Z'),
(268, 60, 115, 'cancelled', '2025-05-24T12:06:31.499Z', NULL, NULL, NULL, NULL, '2025-05-21T14:22:25.256Z'),
(269, 16, 99, 'active', '2025-05-08T21:45:07.317Z', '2025-05-22T15:15:47.224Z', NULL, 82.06, 8.74, '2025-05-05T23:37:35.918Z'),
(270, 43, 200, 'active', '2025-05-10T01:53:26.219Z', '2025-05-21T15:39:30.211Z', NULL, 72.49, 8.75, '2025-05-07T04:17:44.498Z'),
(271, 12, 22, 'active', '2025-05-02T06:24:04.593Z', '2025-05-11T12:58:12.351Z', NULL, 37.57, 5.81, '2025-05-01T02:16:33.721Z'),
(272, 30, 84, 'pending', '2025-05-05T18:49:47.941Z', NULL, NULL, NULL, NULL, '2025-05-03T07:45:07.309Z'),
(273, 99, 131, 'cancelled', '2025-05-20T05:02:30.836Z', NULL, NULL, NULL, NULL, '2025-05-17T19:59:48.451Z'),
(274, 76, 107, 'active', '2025-05-13T04:12:17.384Z', '2025-05-13T09:52:06.783Z', NULL, NULL, NULL, '2025-05-11T10:21:00.512Z'),
(275, 78, 64, 'pending', '2025-05-18T06:02:55.504Z', NULL, NULL, NULL, NULL, '2025-05-16T17:03:36.709Z'),
(276, 8, 48, 'pending', '2025-05-18T13:52:40.364Z', NULL, NULL, NULL, NULL, '2025-05-16T08:06:32.956Z'),
(277, 94, 146, 'active', '2025-05-09T00:27:25.335Z', '2025-05-09T22:17:31.779Z', NULL, NULL, NULL, '2025-05-07T11:08:43.517Z'),
(278, 69, 177, 'active', '2025-05-20T16:27:56.791Z', '2025-05-19T04:29:45.960Z', NULL, NULL, NULL, '2025-05-18T08:38:18.979Z'),
(279, 17, 57, 'completed', '2025-05-06T02:13:25.900Z', '2025-05-04T13:38:57.441Z', '2025-05-05T23:43:25.401Z', 175.38, 32.38, '2025-05-04T06:53:12.164Z'),
(280, 91, 102, 'pending', '2025-05-13T12:21:58.315Z', NULL, NULL, NULL, NULL, '2025-05-12T11:39:50.093Z'),
(281, 62, 22, 'cancelled', '2025-05-06T17:47:48.405Z', NULL, NULL, NULL, NULL, '2025-05-05T07:21:49.674Z'),
(282, 28, 168, 'cancelled', '2025-05-05T09:09:10.651Z', NULL, NULL, NULL, NULL, '2025-05-02T22:35:20.319Z'),
(283, 65, 62, 'completed', '2025-05-14T10:43:30.882Z', '2025-05-13T01:31:12.931Z', '2025-05-14T16:57:08.701Z', 48.44, 9.55, '2025-05-12T17:23:14.334Z'),
(284, 76, 68, 'active', '2025-05-08T03:08:57.144Z', '2025-05-13T16:14:57.812Z', NULL, 48.98, 2.5, '2025-05-06T09:08:51.298Z'),
(285, 43, 140, 'active', '2025-05-22T15:35:47.657Z', '2025-05-21T12:06:46.457Z', NULL, 34.03, 2.48, '2025-05-19T20:47:30.893Z'),
(286, 90, 75, 'pending', '2025-05-08T18:43:32.548Z', NULL, NULL, NULL, NULL, '2025-05-06T04:26:06.983Z'),
(287, 62, 103, 'active', '2025-05-13T05:35:39.100Z', '2025-05-21T01:29:30.335Z', NULL, 19.2, 3.76, '2025-05-11T13:22:33.496Z'),
(288, 98, 61, 'active', '2025-05-03T09:13:24.121Z', '2025-05-06T15:14:18.539Z', NULL, 25.13, 4.49, '2025-05-01T08:30:15.254Z'),
(289, 99, 22, 'active', '2025-05-13T04:16:17.692Z', '2025-05-18T17:57:18.174Z', NULL, 25.33, 1.41, '2025-05-10T07:02:55.656Z'),
(290, 2, 14, 'completed', '2025-05-14T19:53:44.145Z', '2025-05-13T08:01:18.626Z', '2025-05-14T19:23:04.527Z', 147.54, 8.08, '2025-05-13T01:45:39.643Z'),
(291, 62, 131, 'active', '2025-05-19T16:47:03.502Z', '2025-05-21T07:40:17.372Z', NULL, 89.1, 4.52, '2025-05-18T14:39:20.623Z'),
(292, 21, 156, 'active', '2025-05-12T08:35:12.008Z', '2025-05-13T10:32:26.169Z', NULL, 28.66, 1.94, '2025-05-10T03:51:18.383Z'),
(293, 57, 96, 'active', '2025-05-08T16:43:32.492Z', '2025-05-18T16:00:37.096Z', NULL, 27.41, 3.64, '2025-05-07T11:37:59.051Z'),
(294, 78, 146, 'completed', '2025-05-18T06:06:41.000Z', '2025-05-16T06:53:08.392Z', '2025-05-17T22:20:19.930Z', 165.14, 22.48, '2025-05-16T04:38:53.240Z'),
(295, 62, 81, 'active', '2025-05-05T20:49:49.192Z', '2025-05-17T13:38:27.690Z', NULL, 96.42, 16.39, '2025-05-03T19:07:50.872Z'),
(296, 34, 180, 'active', '2025-05-24T00:16:19.863Z', '2025-05-21T13:28:55.476Z', NULL, 32.07, 4.32, '2025-05-21T11:29:52.112Z'),
(297, 83, 26, 'completed', '2025-05-18T00:36:09.930Z', '2025-05-16T02:53:09.087Z', '2025-05-17T19:11:22.985Z', 183.38, 20.26, '2025-05-15T21:36:42.959Z'),
(298, 19, 94, 'active', '2025-05-10T01:43:32.869Z', '2025-05-20T23:30:23.769Z', NULL, 87.22, 3.61, '2025-05-07T23:36:52.614Z'),
(299, 72, 12, 'cancelled', '2025-05-14T11:48:15.752Z', NULL, NULL, NULL, NULL, '2025-05-12T05:46:16.971Z'),
(300, 7, 20, 'completed', '2025-05-11T00:27:39.848Z', '2025-05-09T13:52:44.351Z', '2025-05-10T21:01:49.818Z', 168.35, 16.82, '2025-05-09T07:20:26.479Z'),
(301, 2, 57, 'cancelled', '2025-05-05T07:16:55.408Z', NULL, NULL, NULL, NULL, '2025-05-03T05:12:44.606Z'),
(302, 3, 20, 'active', '2025-05-18T17:57:16.496Z', '2025-05-16T18:03:05.356Z', NULL, 49.19, 2.96, '2025-05-16T17:59:19.193Z'),
(303, 37, 101, 'pending', '2025-05-08T16:09:16.682Z', NULL, NULL, NULL, NULL, '2025-05-07T09:19:32.080Z'),
(304, 49, 61, 'cancelled', '2025-05-10T17:27:31.875Z', NULL, NULL, NULL, NULL, '2025-05-09T04:31:18.569Z'),
(305, 81, 172, 'pending', '2025-05-08T00:47:32.885Z', NULL, NULL, NULL, NULL, '2025-05-05T02:41:30.870Z'),
(306, 57, 184, 'cancelled', '2025-05-10T09:41:11.852Z', NULL, NULL, NULL, NULL, '2025-05-07T09:58:56.741Z'),
(307, 96, 2, 'active', '2025-05-07T11:25:29.368Z', '2025-05-20T22:22:32.317Z', NULL, 31.26, 3.56, '2025-05-05T12:18:59.827Z'),
(308, 63, 17, 'cancelled', '2025-05-14T09:20:44.740Z', NULL, NULL, NULL, NULL, '2025-05-11T12:44:06.355Z'),
(309, 67, 198, 'cancelled', '2025-05-03T13:55:06.516Z', NULL, NULL, NULL, NULL, '2025-05-01T08:53:43.584Z'),
(310, 99, 46, 'cancelled', '2025-05-22T10:19:24.586Z', NULL, NULL, NULL, NULL, '2025-05-19T13:17:19.262Z'),
(311, 23, 194, 'pending', '2025-05-22T11:56:11.555Z', NULL, NULL, NULL, NULL, '2025-05-21T02:01:48.703Z'),
(312, 28, 172, 'cancelled', '2025-05-10T09:39:00.957Z', NULL, NULL, NULL, NULL, '2025-05-08T19:27:40.158Z'),
(313, 15, 57, 'pending', '2025-05-16T02:47:23.503Z', NULL, NULL, NULL, NULL, '2025-05-14T23:18:56.269Z'),
(314, 40, 189, 'completed', '2025-05-21T03:43:37.263Z', '2025-05-19T06:29:44.481Z', '2025-05-21T03:37:59.208Z', 115.68, 23.08, '2025-05-19T03:58:27.910Z'),
(315, 67, 7, 'completed', '2025-05-22T18:27:37.376Z', '2025-05-21T08:13:50.483Z', '2025-05-22T11:25:47.065Z', 163.27, 9.93, '2025-05-20T23:32:05.637Z'),
(316, 10, 101, 'pending', '2025-05-14T12:07:11.053Z', NULL, NULL, NULL, NULL, '2025-05-12T16:01:53.942Z'),
(317, 51, 195, 'completed', '2025-05-08T22:46:49.391Z', '2025-05-07T02:33:20.914Z', '2025-05-08T17:51:20.533Z', 108.15, 6.87, '2025-05-06T17:03:26.097Z'),
(318, 99, 114, 'active', '2025-05-15T04:32:24.354Z', '2025-05-14T05:29:29.185Z', NULL, NULL, NULL, '2025-05-13T16:09:55.419Z'),
(319, 79, 198, 'cancelled', '2025-05-14T05:29:50.189Z', NULL, NULL, NULL, NULL, '2025-05-11T16:54:47.509Z'),
(320, 14, 84, 'active', '2025-05-04T22:45:50.959Z', '2025-05-20T21:41:25.905Z', NULL, 38.98, 2.94, '2025-05-01T23:49:35.450Z'),
(321, 78, 76, 'completed', '2025-05-14T01:07:23.989Z', '2025-05-12T11:38:08.134Z', '2025-05-13T18:44:52.537Z', 119.91, 17.77, '2025-05-12T04:16:33.291Z'),
(322, 44, 41, 'pending', '2025-05-16T23:05:36.504Z', NULL, NULL, NULL, NULL, '2025-05-15T17:13:30.257Z'),
(323, 52, 81, 'pending', '2025-05-19T05:43:13.695Z', NULL, NULL, NULL, NULL, '2025-05-16T07:44:44.907Z'),
(324, 22, 168, 'active', '2025-05-04T08:18:04.629Z', '2025-05-12T02:13:43.717Z', NULL, NULL, NULL, '2025-05-01T13:53:14.825Z'),
(325, 28, 140, 'completed', '2025-05-21T02:02:55.177Z', '2025-05-19T10:58:36.006Z', '2025-05-20T18:29:35.622Z', 155.17, 29.26, '2025-05-19T09:29:28.760Z'),
(326, 78, 145, 'completed', '2025-05-10T10:48:23.180Z', '2025-05-08T15:52:42.335Z', '2025-05-10T09:42:31.313Z', 156.19, 19.74, '2025-05-08T05:05:27.141Z'),
(327, 73, 9, 'cancelled', '2025-05-21T00:12:07.252Z', NULL, NULL, NULL, NULL, '2025-05-18T04:04:15.510Z'),
(328, 81, 114, 'cancelled', '2025-05-07T21:10:22.487Z', NULL, NULL, NULL, NULL, '2025-05-05T11:59:15.685Z'),
(329, 69, 67, 'completed', '2025-05-18T12:13:46.709Z', '2025-05-16T09:36:10.559Z', '2025-05-18T07:52:13.011Z', 13.77, 1.28, '2025-05-16T01:51:20.210Z'),
(330, 3, 57, 'pending', '2025-05-06T23:45:35.003Z', NULL, NULL, NULL, NULL, '2025-05-04T04:01:06.642Z'),
(331, 92, 84, 'active', '2025-05-14T10:39:53.382Z', '2025-05-19T06:25:51.481Z', NULL, 77.15, 5.94, '2025-05-12T07:47:13.929Z'),
(332, 95, 103, 'completed', '2025-05-08T04:11:44.444Z', '2025-05-06T00:15:57.559Z', '2025-05-07T22:44:34.890Z', 61.96, 3.03, '2025-05-05T22:04:25.907Z'),
(333, 9, 193, 'completed', '2025-05-09T21:53:23.631Z', '2025-05-08T03:23:54.499Z', '2025-05-09T15:03:28.558Z', 45.86, 7.7, '2025-05-07T18:27:00.210Z'),
(334, 21, 75, 'cancelled', '2025-05-16T04:39:32.697Z', NULL, NULL, NULL, NULL, '2025-05-14T22:31:22.763Z'),
(335, 13, 57, 'completed', '2025-05-24T03:26:51.401Z', '2025-05-22T20:50:34.227Z', '2025-05-24T02:42:44.042Z', 148.03, 25.01, '2025-05-22T14:22:48.399Z'),
(336, 57, 43, 'cancelled', '2025-05-06T10:48:13.940Z', NULL, NULL, NULL, NULL, '2025-05-03T22:44:08.658Z'),
(337, 26, 103, 'completed', '2025-05-19T18:24:45.656Z', '2025-05-17T21:27:36.289Z', '2025-05-19T15:17:08.389Z', 21.87, 2.37, '2025-05-17T12:19:33.276Z'),
(338, 34, 20, 'cancelled', '2025-05-11T05:25:38.516Z', NULL, NULL, NULL, NULL, '2025-05-09T06:46:38.392Z'),
(339, 19, 64, 'active', '2025-05-13T08:28:31.390Z', '2025-05-12T04:58:25.075Z', NULL, NULL, NULL, '2025-05-11T12:34:50.798Z'),
(340, 25, 198, 'cancelled', '2025-05-24T05:37:35.070Z', NULL, NULL, NULL, NULL, '2025-05-21T08:35:01.944Z'),
(341, 11, 198, 'active', '2025-05-22T10:32:00.923Z', NULL, NULL, NULL, NULL, '2025-05-21T05:06:34.877Z'),
(342, 81, 141, 'completed', '2025-05-24T03:08:18.594Z', '2025-05-22T01:28:58.151Z', '2025-05-23T23:50:54.876Z', 175.76, 26.77, '2025-05-21T17:46:30.009Z'),
(343, 50, 4, 'cancelled', '2025-05-06T09:33:13.640Z', NULL, NULL, NULL, NULL, '2025-05-03T18:10:48.073Z'),
(344, 73, 131, 'completed', '2025-05-06T17:43:08.118Z', '2025-05-05T05:08:47.963Z', '2025-05-06T13:09:05.818Z', 63.45, 6.61, '2025-05-05T00:41:59.621Z'),
(345, 57, 43, 'pending', '2025-05-21T00:08:39.459Z', NULL, NULL, NULL, NULL, '2025-05-18T18:01:26.481Z'),
(346, 9, 103, 'cancelled', '2025-05-19T03:07:07.015Z', NULL, NULL, NULL, NULL, '2025-05-17T16:16:49.958Z'),
(347, 12, 4, 'completed', '2025-05-20T21:19:52.538Z', '2025-05-19T01:05:21.403Z', '2025-05-20T16:14:03.833Z', 5.37, 0.64, '2025-05-18T18:24:39.863Z'),
(348, 100, 78, 'cancelled', '2025-05-14T16:18:26.225Z', NULL, NULL, NULL, NULL, '2025-05-11T18:14:55.379Z'),
(349, 69, 68, 'pending', '2025-05-06T19:42:58.952Z', NULL, NULL, NULL, NULL, '2025-05-04T18:51:25.709Z'),
(350, 40, 200, 'cancelled', '2025-05-10T03:29:07.997Z', NULL, NULL, NULL, NULL, '2025-05-07T17:52:36.667Z'),
(351, 61, 67, 'active', '2025-05-17T08:29:46.516Z', '2025-05-21T10:44:01.787Z', NULL, 36.3, 5.73, '2025-05-14T20:41:54.896Z'),
(352, 63, 2, 'pending', '2025-05-15T00:56:24.929Z', NULL, NULL, NULL, NULL, '2025-05-12T02:58:59.177Z'),
(353, 70, 183, 'completed', '2025-05-15T00:07:30.813Z', '2025-05-13T08:54:39.943Z', '2025-05-14T22:54:19.758Z', 90.21, 13.76, '2025-05-13T06:12:04.864Z'),
(354, 68, 56, 'completed', '2025-05-14T14:05:51.846Z', '2025-05-13T07:01:43.979Z', '2025-05-14T12:22:31.089Z', 99.36, 11.44, '2025-05-12T19:33:59.370Z'),
(355, 40, 102, 'pending', '2025-05-14T07:04:52.565Z', NULL, NULL, NULL, NULL, '2025-05-12T18:28:33.341Z'),
(356, 37, 37, 'active', '2025-05-24T04:21:40.741Z', '2025-05-22T07:39:22.417Z', NULL, 35.33, 3.86, '2025-05-21T23:02:21.007Z'),
(357, 60, 65, 'active', '2025-05-25T13:31:42.665Z', '2025-05-22T18:59:36.399Z', NULL, 19.88, 0.82, '2025-05-22T17:43:26.926Z'),
(358, 44, 81, 'completed', '2025-05-02T14:34:36.422Z', '2025-05-01T06:43:01.464Z', '2025-05-02T11:18:48.946Z', 25.14, 3.86, '2025-05-01T00:37:34.911Z'),
(359, 53, 145, 'cancelled', '2025-05-08T01:26:18.887Z', NULL, NULL, NULL, NULL, '2025-05-05T14:58:24.816Z'),
(360, 54, 103, 'completed', '2025-05-16T11:15:17.134Z', '2025-05-14T15:58:06.301Z', '2025-05-16T06:21:20.281Z', 151.31, 7.11, '2025-05-14T08:08:03.350Z'),
(361, 79, 43, 'completed', '2025-05-08T20:42:21.187Z', '2025-05-07T10:59:15.731Z', '2025-05-08T16:21:36.973Z', 145.19, 10.07, '2025-05-07T03:24:32.208Z'),
(362, 9, 177, 'completed', '2025-05-17T04:08:55.392Z', '2025-05-15T19:10:50.692Z', '2025-05-16T20:57:57.662Z', 21.56, 3.68, '2025-05-15T11:21:20.566Z'),
(363, 53, 10, 'completed', '2025-05-23T20:35:34.590Z', '2025-05-22T03:17:11.689Z', '2025-05-23T15:35:40.790Z', 28.34, 3.24, '2025-05-21T22:41:05.551Z'),
(364, 33, 180, 'pending', '2025-05-15T08:32:47.389Z', NULL, NULL, NULL, NULL, '2025-05-12T12:01:43.542Z'),
(365, 18, 88, 'completed', '2025-05-15T12:59:56.300Z', '2025-05-13T06:33:46.897Z', '2025-05-15T05:53:16.221Z', 82.31, 7.71, '2025-05-13T04:03:32.253Z'),
(366, 74, 22, 'cancelled', '2025-05-03T04:56:10.472Z', NULL, NULL, NULL, NULL, '2025-05-01T10:06:36.709Z'),
(367, 44, 22, 'active', '2025-05-02T19:54:59.050Z', '2025-05-03T14:41:06.355Z', NULL, 40.86, 3.97, '2025-05-01T18:22:07.708Z'),
(368, 43, 141, 'cancelled', '2025-05-15T00:32:37.316Z', NULL, NULL, NULL, NULL, '2025-05-12T14:44:05.384Z'),
(369, 79, 84, 'active', '2025-05-13T09:52:29.955Z', '2025-05-18T06:46:06.146Z', NULL, 56.01, 7.89, '2025-05-10T11:52:55.689Z'),
(370, 82, 184, 'completed', '2025-05-12T13:07:34.633Z', '2025-05-10T23:35:38.001Z', '2025-05-12T12:51:02.413Z', 78.77, 12.56, '2025-05-10T18:55:39.618Z'),
(371, 54, 187, 'cancelled', '2025-05-11T07:14:21.865Z', NULL, NULL, NULL, NULL, '2025-05-09T03:35:07.977Z'),
(372, 37, 140, 'cancelled', '2025-05-06T15:24:55.919Z', NULL, NULL, NULL, NULL, '2025-05-05T00:38:06.633Z'),
(373, 82, 200, 'active', '2025-05-15T10:31:47.427Z', '2025-05-19T15:39:59.784Z', NULL, 88.58, 8.53, '2025-05-13T02:09:26.629Z'),
(374, 31, 13, 'pending', '2025-05-10T11:23:25.334Z', NULL, NULL, NULL, NULL, '2025-05-09T00:22:18.381Z'),
(375, 72, 140, 'completed', '2025-05-09T16:52:48.832Z', '2025-05-07T11:42:15.408Z', '2025-05-09T10:16:24.901Z', 178.87, 30.49, '2025-05-07T04:21:18.913Z'),
(376, 36, 200, 'active', '2025-05-24T09:10:56.014Z', NULL, NULL, NULL, NULL, '2025-05-22T15:27:16.631Z'),
(377, 95, 195, 'active', '2025-05-05T04:32:41.314Z', '2025-05-12T11:47:42.791Z', NULL, 46.21, 3.72, '2025-05-04T02:35:16.167Z'),
(378, 69, 75, 'completed', '2025-05-13T05:23:46.517Z', '2025-05-11T19:54:05.777Z', '2025-05-13T03:18:24.995Z', 22.37, 1.83, '2025-05-11T16:20:03.781Z'),
(379, 60, 76, 'active', '2025-05-08T21:06:10.943Z', '2025-05-08T23:03:01.451Z', NULL, NULL, NULL, '2025-05-06T04:06:19.351Z'),
(380, 8, 94, 'cancelled', '2025-05-17T07:38:38.736Z', NULL, NULL, NULL, NULL, '2025-05-15T09:13:15.011Z'),
(381, 22, 68, 'active', '2025-05-13T17:29:50.586Z', '2025-05-21T12:03:50.940Z', NULL, 61.72, 9.6, '2025-05-11T16:40:53.404Z'),
(382, 48, 75, 'pending', '2025-05-08T06:49:54.588Z', NULL, NULL, NULL, NULL, '2025-05-05T12:59:06.515Z'),
(383, 95, 99, 'completed', '2025-05-08T07:29:37.402Z', '2025-05-07T01:02:49.939Z', '2025-05-08T01:03:41.485Z', 183.8, 23.19, '2025-05-06T21:46:17.881Z'),
(384, 86, 193, 'cancelled', '2025-05-16T20:53:26.622Z', NULL, NULL, NULL, NULL, '2025-05-14T12:10:48.892Z'),
(385, 21, 81, 'active', '2025-05-12T06:32:54.358Z', '2025-05-18T16:19:54.862Z', NULL, NULL, NULL, '2025-05-10T00:09:54.921Z'),
(386, 54, 17, 'active', '2025-05-19T09:48:59.185Z', '2025-05-18T09:11:07.771Z', NULL, NULL, NULL, '2025-05-16T19:02:46.277Z'),
(387, 87, 67, 'cancelled', '2025-05-11T06:30:29.665Z', NULL, NULL, NULL, NULL, '2025-05-08T22:10:30.913Z'),
(388, 54, 57, 'completed', '2025-05-10T06:54:33.791Z', '2025-05-08T17:19:35.624Z', '2025-05-10T04:10:46.161Z', 105.92, 13.76, '2025-05-08T10:09:44.102Z'),
(389, 46, 177, 'active', '2025-05-18T11:18:06.222Z', '2025-05-18T17:25:46.465Z', NULL, 18.97, 2.79, '2025-05-16T08:46:02.056Z'),
(390, 2, 64, 'pending', '2025-05-21T23:27:21.412Z', NULL, NULL, NULL, NULL, '2025-05-19T19:04:38.102Z'),
(391, 100, 198, 'cancelled', '2025-05-12T15:02:30.559Z', NULL, NULL, NULL, NULL, '2025-05-09T17:15:33.929Z'),
(392, 29, 67, 'pending', '2025-05-03T13:25:37.814Z', NULL, NULL, NULL, NULL, '2025-05-02T00:27:59.055Z'),
(393, 81, 2, 'completed', '2025-05-08T04:32:03.485Z', '2025-05-06T19:05:49.125Z', '2025-05-08T03:05:38.660Z', 117.45, 19.36, '2025-05-06T13:28:21.906Z'),
(394, 70, 131, 'cancelled', '2025-05-09T06:41:15.188Z', NULL, NULL, NULL, NULL, '2025-05-06T13:07:43.132Z'),
(395, 91, 107, 'pending', '2025-05-08T10:57:18.458Z', NULL, NULL, NULL, NULL, '2025-05-05T17:31:09.645Z'),
(396, 9, 132, 'pending', '2025-05-08T18:30:42.334Z', NULL, NULL, NULL, NULL, '2025-05-06T18:36:40.623Z'),
(397, 91, 195, 'pending', '2025-05-18T12:27:01.239Z', NULL, NULL, NULL, NULL, '2025-05-15T23:57:42.123Z'),
(398, 52, 187, 'cancelled', '2025-05-13T06:51:06.618Z', NULL, NULL, NULL, NULL, '2025-05-11T15:25:17.908Z'),
(399, 92, 26, 'active', '2025-05-16T04:05:39.579Z', NULL, NULL, NULL, NULL, '2025-05-14T21:51:43.089Z'),
(400, 14, 68, 'pending', '2025-05-09T12:44:04.947Z', NULL, NULL, NULL, NULL, '2025-05-07T15:27:33.985Z'),
(401, 28, 115, 'active', '2025-05-10T19:58:28.478Z', '2025-05-22T14:03:44.975Z', NULL, 67.35, 3.36, '2025-05-08T18:54:53.985Z'),
(402, 94, 67, 'active', '2025-05-09T13:48:31.678Z', NULL, NULL, NULL, NULL, '2025-05-08T03:50:33.829Z'),
(403, 58, 23, 'pending', '2025-05-19T18:11:18.971Z', NULL, NULL, NULL, NULL, '2025-05-18T06:21:15.045Z'),
(404, 66, 56, 'active', '2025-05-21T02:33:51.879Z', '2025-05-21T10:18:27.878Z', NULL, 72.32, 5.59, '2025-05-20T01:26:26.494Z'),
(405, 82, 12, 'active', '2025-05-04T07:46:34.179Z', '2025-05-16T13:07:48.440Z', NULL, NULL, NULL, '2025-05-01T12:10:24.087Z'),
(406, 37, 179, 'pending', '2025-05-12T12:12:59.526Z', NULL, NULL, NULL, NULL, '2025-05-10T17:00:21.219Z'),
(407, 53, 20, 'pending', '2025-05-24T17:37:49.111Z', NULL, NULL, NULL, NULL, '2025-05-22T14:46:30.462Z'),
(408, 54, 189, 'pending', '2025-05-08T08:04:10.378Z', NULL, NULL, NULL, NULL, '2025-05-07T01:36:37.684Z'),
(409, 80, 43, 'cancelled', '2025-05-08T00:32:27.381Z', NULL, NULL, NULL, NULL, '2025-05-06T05:02:48.551Z'),
(410, 32, 172, 'pending', '2025-05-19T12:27:08.960Z', NULL, NULL, NULL, NULL, '2025-05-18T03:28:13.225Z'),
(411, 55, 180, 'cancelled', '2025-05-07T08:56:54.106Z', NULL, NULL, NULL, NULL, '2025-05-04T13:52:42.306Z'),
(412, 22, 146, 'completed', '2025-05-20T06:41:27.959Z', '2025-05-18T07:49:13.094Z', '2025-05-20T05:13:23.624Z', 112, 21.27, '2025-05-18T06:00:34.184Z'),
(413, 5, 184, 'pending', '2025-05-22T08:20:55.342Z', NULL, NULL, NULL, NULL, '2025-05-20T00:44:23.041Z'),
(414, 45, 65, 'active', '2025-05-15T07:58:16.719Z', '2025-05-13T10:21:08.087Z', NULL, NULL, NULL, '2025-05-13T03:49:44.592Z'),
(415, 95, 62, 'pending', '2025-05-10T12:03:24.340Z', NULL, NULL, NULL, NULL, '2025-05-07T20:30:12.686Z'),
(416, 34, 195, 'completed', '2025-05-15T15:46:21.634Z', '2025-05-13T20:14:08.218Z', '2025-05-15T08:17:01.510Z', 14.52, 2.07, '2025-05-13T12:52:49.067Z'),
(417, 58, 131, 'active', '2025-05-23T07:53:23.501Z', '2025-05-20T19:07:12.875Z', NULL, 53.36, 10.43, '2025-05-20T12:53:05.123Z'),
(418, 97, 156, 'completed', '2025-05-18T11:45:26.479Z', '2025-05-16T13:57:23.563Z', '2025-05-18T04:55:07.583Z', 33.25, 6.18, '2025-05-16T04:27:55.595Z'),
(419, 33, 177, 'active', '2025-05-20T16:31:54.799Z', '2025-05-20T06:17:44.548Z', NULL, NULL, NULL, '2025-05-18T05:19:27.126Z'),
(420, 75, 64, 'completed', '2025-05-11T04:09:19.963Z', '2025-05-09T07:48:48.737Z', '2025-05-11T03:01:38.483Z', 174.14, 14.83, '2025-05-09T01:21:55.877Z'),
(421, 60, 81, 'cancelled', '2025-05-13T06:08:45.758Z', NULL, NULL, NULL, NULL, '2025-05-11T02:52:27.818Z'),
(422, 16, 23, 'active', '2025-05-22T04:10:14.685Z', '2025-05-22T12:26:22.516Z', NULL, NULL, NULL, '2025-05-20T00:50:53.045Z'),
(423, 65, 61, 'completed', '2025-05-09T04:03:58.672Z', '2025-05-07T11:55:25.389Z', '2025-05-09T09:06:42.893Z', 169.89, 22.98, '2025-05-07T10:48:49.412Z'),
(424, 34, 177, 'active', '2025-05-08T14:47:39.571Z', '2025-05-12T18:08:04.143Z', NULL, 80.14, 5.9, '2025-05-07T00:43:52.117Z'),
(425, 12, 180, 'cancelled', '2025-05-09T13:27:56.225Z', NULL, NULL, NULL, NULL, '2025-05-07T05:07:51.522Z'),
(426, 66, 200, 'completed', '2025-05-17T21:29:29.332Z', '2025-05-16T10:16:25.794Z', '2025-05-17T13:49:51.732Z', 27.89, 4.08, '2025-05-16T00:27:36.851Z'),
(427, 27, 94, 'active', '2025-05-22T00:34:38.414Z', '2025-05-22T14:37:16.194Z', NULL, NULL, NULL, '2025-05-19T21:00:43.365Z'),
(428, 100, 10, 'completed', '2025-05-04T02:58:18.836Z', '2025-05-02T07:18:58.207Z', '2025-05-04T02:09:56.157Z', 183.42, 16.97, '2025-05-01T22:25:36.385Z'),
(429, 74, 101, 'completed', '2025-05-21T08:43:02.779Z', '2025-05-19T08:26:36.627Z', '2025-05-21T07:41:55.871Z', 75.86, 4.54, '2025-05-18T23:32:02.708Z'),
(430, 90, 75, 'pending', '2025-05-19T01:51:09.450Z', NULL, NULL, NULL, NULL, '2025-05-17T11:55:03.124Z'),
(431, 61, 4, 'cancelled', '2025-05-11T17:40:23.822Z', NULL, NULL, NULL, NULL, '2025-05-08T20:11:02.134Z'),
(432, 59, 101, 'completed', '2025-05-11T18:26:43.154Z', '2025-05-09T19:17:39.652Z', '2025-05-11T12:53:59.331Z', 178.53, 33.21, '2025-05-09T13:27:26.140Z'),
(433, 54, 114, 'cancelled', '2025-05-20T07:25:44.234Z', NULL, NULL, NULL, NULL, '2025-05-19T00:12:05.711Z'),
(434, 44, 146, 'pending', '2025-05-23T19:31:22.061Z', NULL, NULL, NULL, NULL, '2025-05-21T01:23:25.700Z'),
(435, 19, 195, 'cancelled', '2025-05-09T23:40:29.103Z', NULL, NULL, NULL, NULL, '2025-05-08T16:07:46.435Z'),
(436, 18, 176, 'completed', '2025-05-17T06:02:17.031Z', '2025-05-15T05:09:16.135Z', '2025-05-17T03:36:47.519Z', 124.8, 15.03, '2025-05-14T20:32:32.777Z'),
(437, 29, 13, 'completed', '2025-05-18T13:59:00.217Z', '2025-05-16T19:04:01.423Z', '2025-05-18T08:27:24.822Z', 101.22, 20.06, '2025-05-16T10:34:51.385Z'),
(438, 57, 195, 'completed', '2025-05-24T11:07:11.186Z', '2025-05-22T11:35:39.869Z', '2025-05-24T05:22:47.272Z', 35.82, 3.63, '2025-05-22T03:33:28.447Z'),
(439, 72, 168, 'completed', '2025-05-13T04:02:50.425Z', '2025-05-11T10:32:27.373Z', '2025-05-13T03:58:44.922Z', 62.69, 8.81, '2025-05-10T23:51:26.739Z'),
(440, 28, 115, 'completed', '2025-05-24T18:50:30.120Z', '2025-05-22T18:23:54.181Z', '2025-05-24T14:26:16.932Z', 96.77, 9.98, '2025-05-22T14:24:30.848Z'),
(441, 89, 22, 'pending', '2025-05-25T09:57:00.330Z', NULL, NULL, NULL, NULL, '2025-05-22T16:34:23.938Z'),
(442, 70, 145, 'pending', '2025-05-20T11:10:51.663Z', NULL, NULL, NULL, NULL, '2025-05-19T03:36:54.226Z'),
(443, 69, 179, 'pending', '2025-05-20T21:25:57.806Z', NULL, NULL, NULL, NULL, '2025-05-18T19:58:08.624Z'),
(444, 64, 172, 'completed', '2025-05-12T08:53:30.118Z', '2025-05-10T22:41:05.331Z', '2025-05-12T04:31:48.025Z', 71.76, 13.37, '2025-05-10T17:31:28.788Z'),
(445, 54, 41, 'cancelled', '2025-05-24T03:19:35.635Z', NULL, NULL, NULL, NULL, '2025-05-21T08:26:42.865Z'),
(446, 49, 161, 'completed', '2025-05-11T10:46:17.733Z', '2025-05-09T20:41:30.346Z', '2025-05-11T03:52:14.695Z', 135.84, 5.67, '2025-05-09T09:49:15.435Z'),
(447, 58, 156, 'completed', '2025-05-03T19:45:11.453Z', '2025-05-01T20:36:37.050Z', '2025-05-03T14:28:17.119Z', 9.29, 1.56, '2025-05-01T17:22:36.539Z'),
(448, 1, 37, 'active', '2025-05-23T11:16:52.657Z', NULL, NULL, NULL, NULL, '2025-05-21T06:42:52.709Z'),
(449, 95, 62, 'cancelled', '2025-05-17T08:35:38.742Z', NULL, NULL, NULL, NULL, '2025-05-15T12:30:54.319Z'),
(450, 60, 172, 'active', '2025-05-06T05:48:41.786Z', '2025-05-05T18:59:02.931Z', NULL, NULL, NULL, '2025-05-04T22:03:28.246Z'),
(451, 66, 194, 'active', '2025-05-12T05:53:35.017Z', '2025-05-15T10:41:31.132Z', NULL, NULL, NULL, '2025-05-10T20:55:48.761Z'),
(452, 54, 26, 'active', '2025-05-14T17:26:49.969Z', '2025-05-22T17:35:35.699Z', NULL, 76.36, 5.41, '2025-05-11T20:14:53.970Z'),
(453, 79, 43, 'completed', '2025-05-21T05:11:10.170Z', '2025-05-19T07:50:28.601Z', '2025-05-20T21:14:34.106Z', 121.63, 19.31, '2025-05-19T06:29:32.109Z'),
(454, 22, 4, 'pending', '2025-05-05T05:59:14.537Z', NULL, NULL, NULL, NULL, '2025-05-02T12:55:48.511Z'),
(455, 13, 102, 'completed', '2025-05-10T10:46:22.018Z', '2025-05-08T20:41:20.230Z', '2025-05-10T07:04:08.096Z', 122.01, 7.94, '2025-05-08T12:22:57.037Z'),
(456, 65, 187, 'active', '2025-05-07T20:53:21.410Z', '2025-05-15T11:08:43.193Z', NULL, 14.25, 1.27, '2025-05-06T12:50:11.001Z'),
(457, 52, 4, 'cancelled', '2025-05-09T04:22:16.772Z', NULL, NULL, NULL, NULL, '2025-05-07T03:25:41.600Z'),
(458, 15, 176, 'pending', '2025-05-09T15:30:46.783Z', NULL, NULL, NULL, NULL, '2025-05-06T23:52:36.328Z'),
(459, 58, 40, 'active', '2025-05-03T20:28:55.817Z', '2025-05-03T12:47:50.339Z', NULL, 16.87, 1.84, '2025-05-01T10:51:19.751Z'),
(460, 88, 107, 'pending', '2025-05-13T06:38:58.283Z', NULL, NULL, NULL, NULL, '2025-05-11T12:29:05.459Z'),
(461, 96, 176, 'pending', '2025-05-18T13:26:56.168Z', NULL, NULL, NULL, NULL, '2025-05-16T22:55:17.592Z'),
(462, 11, 62, 'completed', '2025-05-07T09:53:15.358Z', '2025-05-05T12:45:56.040Z', '2025-05-07T06:48:37.669Z', 174.04, 13.19, '2025-05-05T03:31:50.073Z'),
(463, 89, 131, 'completed', '2025-05-09T13:53:23.754Z', '2025-05-08T03:43:23.352Z', '2025-05-09T09:27:24.362Z', 98.29, 10.91, '2025-05-07T19:28:33.369Z'),
(464, 77, 41, 'cancelled', '2025-05-11T18:20:44.459Z', NULL, NULL, NULL, NULL, '2025-05-08T22:20:08.957Z'),
(465, 43, 65, 'cancelled', '2025-05-22T07:39:37.202Z', NULL, NULL, NULL, NULL, '2025-05-20T03:02:53.959Z'),
(466, 13, 61, 'completed', '2025-05-14T01:38:23.354Z', '2025-05-12T08:39:16.588Z', '2025-05-13T17:40:24.044Z', 194.15, 15.68, '2025-05-12T05:27:29.624Z'),
(467, 24, 2, 'active', '2025-05-17T08:50:00.230Z', '2025-05-18T06:00:15.102Z', NULL, NULL, NULL, '2025-05-14T16:42:03.380Z'),
(468, 40, 9, 'active', '2025-05-15T12:40:25.276Z', '2025-05-15T02:49:24.641Z', NULL, 9.42, 0.87, '2025-05-13T16:38:50.872Z'),
(469, 99, 62, 'cancelled', '2025-05-03T16:02:03.471Z', NULL, NULL, NULL, NULL, '2025-05-01T23:28:34.951Z'),
(470, 62, 56, 'cancelled', '2025-05-11T06:44:12.968Z', NULL, NULL, NULL, NULL, '2025-05-09T12:20:49.335Z'),
(471, 24, 191, 'pending', '2025-05-23T15:31:28.596Z', NULL, NULL, NULL, NULL, '2025-05-21T19:31:34.793Z'),
(472, 30, 189, 'completed', '2025-05-24T02:53:25.458Z', '2025-05-22T00:22:17.342Z', '2025-05-23T20:59:57.837Z', 139.15, 13.94, '2025-05-21T14:55:25.799Z'),
(473, 8, 132, 'pending', '2025-05-21T14:34:35.399Z', NULL, NULL, NULL, NULL, '2025-05-20T03:20:05.654Z'),
(474, 39, 37, 'pending', '2025-05-15T17:03:33.641Z', NULL, NULL, NULL, NULL, '2025-05-13T03:40:37.601Z'),
(475, 18, 84, 'pending', '2025-05-04T09:09:58.379Z', NULL, NULL, NULL, NULL, '2025-05-02T11:28:00.932Z'),
(476, 51, 68, 'pending', '2025-05-13T17:10:28.057Z', NULL, NULL, NULL, NULL, '2025-05-12T11:57:38.243Z'),
(477, 3, 179, 'active', '2025-05-15T20:35:27.668Z', '2025-05-22T06:05:09.664Z', NULL, NULL, NULL, '2025-05-14T08:36:02.844Z'),
(478, 9, 191, 'completed', '2025-05-08T16:51:52.697Z', '2025-05-07T01:25:46.813Z', '2025-05-08T09:50:19.058Z', 74.23, 14.64, '2025-05-06T14:23:42.445Z'),
(479, 19, 46, 'completed', '2025-05-21T10:30:00.719Z', '2025-05-20T00:46:01.148Z', '2025-05-21T03:42:22.722Z', 123.49, 6.86, '2025-05-19T17:27:29.227Z'),
(480, 88, 140, 'cancelled', '2025-05-08T09:53:48.965Z', NULL, NULL, NULL, NULL, '2025-05-07T00:22:50.370Z'),
(481, 87, 22, 'active', '2025-05-08T06:34:00.070Z', '2025-05-13T11:26:35.301Z', NULL, NULL, NULL, '2025-05-06T09:02:10.111Z'),
(482, 80, 12, 'active', '2025-05-13T01:55:29.285Z', '2025-05-17T16:48:02.981Z', NULL, 60.45, 6.27, '2025-05-11T09:09:30.124Z'),
(483, 100, 88, 'pending', '2025-05-12T04:53:41.467Z', NULL, NULL, NULL, NULL, '2025-05-10T17:04:57.363Z'),
(484, 96, 189, 'cancelled', '2025-05-10T06:43:15.733Z', NULL, NULL, NULL, NULL, '2025-05-08T08:24:43.446Z'),
(485, 12, 191, 'completed', '2025-05-07T12:59:05.215Z', '2025-05-05T09:00:36.736Z', '2025-05-07T08:50:29.320Z', 142.73, 23.73, '2025-05-05T04:49:34.478Z'),
(486, 47, 198, 'completed', '2025-05-16T08:55:17.870Z', '2025-05-14T13:38:04.298Z', '2025-05-16T05:15:01.634Z', 179.03, 20.98, '2025-05-14T05:06:04.776Z'),
(487, 64, 187, 'completed', '2025-05-09T19:33:07.902Z', '2025-05-08T02:45:52.367Z', '2025-05-09T19:08:18.482Z', 71.91, 10.67, '2025-05-08T01:39:42.767Z'),
(488, 19, 161, 'active', '2025-05-02T17:57:21.402Z', '2025-05-19T21:25:32.434Z', NULL, 79.52, 15.86, '2025-05-01T08:15:05.869Z'),
(489, 81, 23, 'active', '2025-05-10T23:23:23.530Z', '2025-05-09T20:15:05.098Z', NULL, 76.92, 7.76, '2025-05-09T13:16:45.227Z'),
(490, 21, 48, 'pending', '2025-05-21T10:39:39.607Z', NULL, NULL, NULL, NULL, '2025-05-20T07:47:10.297Z'),
(491, 41, 140, 'active', '2025-05-21T12:41:01.860Z', '2025-05-19T20:44:03.536Z', NULL, 69.2, 12.7, '2025-05-18T22:34:40.597Z'),
(492, 9, 195, 'completed', '2025-05-04T22:43:52.826Z', '2025-05-03T03:40:12.185Z', '2025-05-04T14:55:48.698Z', 145.54, 6.69, '2025-05-02T18:45:06.287Z'),
(493, 80, 61, 'cancelled', '2025-05-23T02:24:18.599Z', NULL, NULL, NULL, NULL, '2025-05-20T08:13:37.897Z'),
(494, 82, 64, 'pending', '2025-05-11T04:42:30.049Z', NULL, NULL, NULL, NULL, '2025-05-09T10:04:43.068Z'),
(495, 89, 4, 'completed', '2025-05-21T13:54:01.941Z', '2025-05-19T13:34:18.120Z', '2025-05-21T10:18:23.420Z', 111.44, 14.13, '2025-05-19T09:46:38.262Z'),
(496, 81, 198, 'completed', '2025-05-18T06:17:11.865Z', '2025-05-16T16:01:34.250Z', '2025-05-18T03:07:44.723Z', 183.14, 8.09, '2025-05-16T05:37:16.687Z'),
(497, 59, 107, 'cancelled', '2025-05-20T09:38:04.231Z', NULL, NULL, NULL, NULL, '2025-05-17T23:55:10.691Z'),
(498, 61, 180, 'active', '2025-05-17T18:01:36.564Z', '2025-05-17T00:23:47.096Z', NULL, 75.6, 12.74, '2025-05-14T23:48:18.520Z'),
(499, 67, 189, 'completed', '2025-05-09T20:19:09.159Z', '2025-05-08T13:46:28.004Z', '2025-05-09T14:28:54.326Z', 5.23, 0.46, '2025-05-08T11:06:32.755Z'),
(500, 4, 20, 'pending', '2025-05-06T08:35:02.235Z', NULL, NULL, NULL, NULL, '2025-05-05T07:36:48.925Z');
